{
  "href" : "http://162.216.148.67:8080/api/v1/clusters/c1/hosts?fields=Hosts/host_state,host_components/HostRoles/state",
  "items" : [
    {
      "href" : "http://162.216.148.67:8080/api/v1/clusters/c1/hosts/ambari-1.c.apache.internal",
      "Hosts" : {
        "cluster_name" : "c1",
        "host_name" : "ambari-1.c.apache.internal",
        "host_state" : "HEALTHY"
      },
      "host_components" : [
        {
          "href" : "http://162.216.148.67:8080/api/v1/clusters/c1/hosts/ambari-1.c.apache.internal/host_components/GANGLIA_MONITOR",
          "HostRoles" : {
            "cluster_name" : "c1",
            "component_name" : "GANGLIA_MONITOR",
            "host_name" : "ambari-1.c.apache.internal",
            "state" : "STARTED"
          }
        },
        {
          "href" : "http://162.216.148.67:8080/api/v1/clusters/c1/hosts/ambari-1.c.apache.internal/host_components/GANGLIA_SERVER",
          "HostRoles" : {
            "cluster_name" : "c1",
            "component_name" : "GANGLIA_SERVER",
            "host_name" : "ambari-1.c.apache.internal",
            "state" : "STARTED"
          }
        },
        {
          "href" : "http://162.216.148.67:8080/api/v1/clusters/c1/hosts/ambari-1.c.apache.internal/host_components/HBASE_MASTER",
          "HostRoles" : {
            "cluster_name" : "c1",
            "component_name" : "HBASE_MASTER",
            "host_name" : "ambari-1.c.apache.internal",
            "state" : "STARTED"
          }
        },
        {
          "href" : "http://162.216.148.67:8080/api/v1/clusters/c1/hosts/ambari-1.c.apache.internal/host_components/HCAT",
          "HostRoles" : {
            "cluster_name" : "c1",
            "component_name" : "HCAT",
            "host_name" : "ambari-1.c.apache.internal",
            "state" : "INSTALLED"
          }
        },
        {
          "href" : "http://162.216.148.67:8080/api/v1/clusters/c1/hosts/ambari-1.c.apache.internal/host_components/HDFS_CLIENT",
          "HostRoles" : {
            "cluster_name" : "c1",
            "component_name" : "HDFS_CLIENT",
            "host_name" : "ambari-1.c.apache.internal",
            "state" : "INSTALLED"
          }
        },
        {
          "href" : "http://162.216.148.67:8080/api/v1/clusters/c1/hosts/ambari-1.c.apache.internal/host_components/HIVE_CLIENT",
          "HostRoles" : {
            "cluster_name" : "c1",
            "component_name" : "HIVE_CLIENT",
            "host_name" : "ambari-1.c.apache.internal",
            "state" : "INSTALLED"
          }
        },
        {
          "href" : "http://162.216.148.67:8080/api/v1/clusters/c1/hosts/ambari-1.c.apache.internal/host_components/NAMENODE",
          "HostRoles" : {
            "cluster_name" : "c1",
            "component_name" : "NAMENODE",
            "host_name" : "ambari-1.c.apache.internal",
            "state" : "STARTED"
          }
        },
        {
          "href" : "http://162.216.148.67:8080/api/v1/clusters/c1/hosts/ambari-1.c.apache.internal/host_components/OOZIE_CLIENT",
          "HostRoles" : {
            "cluster_name" : "c1",
            "component_name" : "OOZIE_CLIENT",
            "host_name" : "ambari-1.c.apache.internal",
            "state" : "INSTALLED"
          }
        },
        {
          "href" : "http://162.216.148.67:8080/api/v1/clusters/c1/hosts/ambari-1.c.apache.internal/host_components/YARN_CLIENT",
          "HostRoles" : {
            "cluster_name" : "c1",
            "component_name" : "YARN_CLIENT",
            "host_name" : "ambari-1.c.apache.internal",
            "state" : "INSTALLED"
          }
        },
        {
          "href" : "http://162.216.148.67:8080/api/v1/clusters/c1/hosts/ambari-1.c.apache.internal/host_components/ZOOKEEPER_SERVER",
          "HostRoles" : {
            "cluster_name" : "c1",
            "component_name" : "ZOOKEEPER_SERVER",
            "host_name" : "ambari-1.c.apache.internal",
            "state" : "STARTED"
          }
        }
      ]
    },
    {
      "href" : "http://162.216.148.67:8080/api/v1/clusters/c1/hosts/ambari-2.c.apache.internal",
      "Hosts" : {
        "cluster_name" : "c1",
        "host_name" : "ambari-2.c.apache.internal",
        "host_state" : "HEARTBEAT_LOST"
      },
      "host_components" : [
        {
          "href" : "http://162.216.148.67:8080/api/v1/clusters/c1/hosts/ambari-2.c.apache.internal/host_components/GANGLIA_MONITOR",
          "HostRoles" : {
            "cluster_name" : "c1",
            "component_name" : "GANGLIA_MONITOR",
            "host_name" : "ambari-2.c.apache.internal",
            "state" : "UNKNOWN"
          }
        },
        {
          "href" : "http://162.216.148.67:8080/api/v1/clusters/c1/hosts/ambari-2.c.apache.internal/host_components/HDFS_CLIENT",
          "HostRoles" : {
            "cluster_name" : "c1",
            "component_name" : "HDFS_CLIENT",
            "host_name" : "ambari-2.c.apache.internal",
            "state" : "INSTALLED"
          }
        },
        {
          "href" : "http://162.216.148.67:8080/api/v1/clusters/c1/hosts/ambari-2.c.apache.internal/host_components/HISTORYSERVER",
          "HostRoles" : {
            "cluster_name" : "c1",
            "component_name" : "HISTORYSERVER",
            "host_name" : "ambari-2.c.apache.internal",
            "state" : "UNKNOWN"
          }
        },
        {
          "href" : "http://162.216.148.67:8080/api/v1/clusters/c1/hosts/ambari-2.c.apache.internal/host_components/HIVE_CLIENT",
          "HostRoles" : {
            "cluster_name" : "c1",
            "component_name" : "HIVE_CLIENT",
            "host_name" : "ambari-2.c.apache.internal",
            "state" : "INSTALLED"
          }
        },
        {
          "href" : "http://162.216.148.67:8080/api/v1/clusters/c1/hosts/ambari-2.c.apache.internal/host_components/HIVE_METASTORE",
          "HostRoles" : {
            "cluster_name" : "c1",
            "component_name" : "HIVE_METASTORE",
            "host_name" : "ambari-2.c.apache.internal",
            "state" : "UNKNOWN"
          }
        },
        {
          "href" : "http://162.216.148.67:8080/api/v1/clusters/c1/hosts/ambari-2.c.apache.internal/host_components/HIVE_SERVER",
          "HostRoles" : {
            "cluster_name" : "c1",
            "component_name" : "HIVE_SERVER",
            "host_name" : "ambari-2.c.apache.internal",
            "state" : "UNKNOWN"
          }
        },
        {
          "href" : "http://162.216.148.67:8080/api/v1/clusters/c1/hosts/ambari-2.c.apache.internal/host_components/MYSQL_SERVER",
          "HostRoles" : {
            "cluster_name" : "c1",
            "component_name" : "MYSQL_SERVER",
            "host_name" : "ambari-2.c.apache.internal",
            "state" : "UNKNOWN"
          }
        },
        {
          "href" : "http://162.216.148.67:8080/api/v1/clusters/c1/hosts/ambari-2.c.apache.internal/host_components/OOZIE_SERVER",
          "HostRoles" : {
            "cluster_name" : "c1",
            "component_name" : "OOZIE_SERVER",
            "host_name" : "ambari-2.c.apache.internal",
            "state" : "UNKNOWN"
          }
        },
        {
          "href" : "http://162.216.148.67:8080/api/v1/clusters/c1/hosts/ambari-2.c.apache.internal/host_components/RESOURCEMANAGER",
          "HostRoles" : {
            "cluster_name" : "c1",
            "component_name" : "RESOURCEMANAGER",
            "host_name" : "ambari-2.c.apache.internal",
            "state" : "UNKNOWN"
          }
        },
        {
          "href" : "http://162.216.148.67:8080/api/v1/clusters/c1/hosts/ambari-2.c.apache.internal/host_components/SECONDARY_NAMENODE",
          "HostRoles" : {
            "cluster_name" : "c1",
            "component_name" : "SECONDARY_NAMENODE",
            "host_name" : "ambari-2.c.apache.internal",
            "state" : "UNKNOWN"
          }
        },
        {
          "href" : "http://162.216.148.67:8080/api/v1/clusters/c1/hosts/ambari-2.c.apache.internal/host_components/WEBHCAT_SERVER",
          "HostRoles" : {
            "cluster_name" : "c1",
            "component_name" : "WEBHCAT_SERVER",
            "host_name" : "ambari-2.c.apache.internal",
            "state" : "UNKNOWN"
          }
        },
        {
          "href" : "http://162.216.148.67:8080/api/v1/clusters/c1/hosts/ambari-2.c.apache.internal/host_components/YARN_CLIENT",
          "HostRoles" : {
            "cluster_name" : "c1",
            "component_name" : "YARN_CLIENT",
            "host_name" : "ambari-2.c.apache.internal",
            "state" : "INSTALLED"
          }
        },
        {
          "href" : "http://162.216.148.67:8080/api/v1/clusters/c1/hosts/ambari-2.c.apache.internal/host_components/ZOOKEEPER_CLIENT",
          "HostRoles" : {
            "cluster_name" : "c1",
            "component_name" : "ZOOKEEPER_CLIENT",
            "host_name" : "ambari-2.c.apache.internal",
            "state" : "INSTALLED"
          }
        },
        {
          "href" : "http://162.216.148.67:8080/api/v1/clusters/c1/hosts/ambari-2.c.apache.internal/host_components/ZOOKEEPER_SERVER",
          "HostRoles" : {
            "cluster_name" : "c1",
            "component_name" : "ZOOKEEPER_SERVER",
            "host_name" : "ambari-2.c.apache.internal",
            "state" : "UNKNOWN"
          }
        }
      ]
    },
    {
      "href" : "http://162.216.148.67:8080/api/v1/clusters/c1/hosts/ambari-3.c.apache.internal",
      "Hosts" : {
        "cluster_name" : "c1",
        "host_name" : "ambari-3.c.apache.internal",
        "host_state" : "HEALTHY"
      },
      "host_components" : [
        {
          "href" : "http://162.216.148.67:8080/api/v1/clusters/c1/hosts/ambari-3.c.apache.internal/host_components/DATANODE",
          "HostRoles" : {
            "cluster_name" : "c1",
            "component_name" : "DATANODE",
            "host_name" : "ambari-3.c.apache.internal",
            "state" : "STARTED"
          }
        },
        {
          "href" : "http://162.216.148.67:8080/api/v1/clusters/c1/hosts/ambari-3.c.apache.internal/host_components/GANGLIA_MONITOR",
          "HostRoles" : {
            "cluster_name" : "c1",
            "component_name" : "GANGLIA_MONITOR",
            "host_name" : "ambari-3.c.apache.internal",
            "state" : "STARTED"
          }
        },
        {
          "href" : "http://162.216.148.67:8080/api/v1/clusters/c1/hosts/ambari-3.c.apache.internal/host_components/HBASE_CLIENT",
          "HostRoles" : {
            "cluster_name" : "c1",
            "component_name" : "HBASE_CLIENT",
            "host_name" : "ambari-3.c.apache.internal",
            "state" : "INSTALLED"
          }
        },
        {
          "href" : "http://162.216.148.67:8080/api/v1/clusters/c1/hosts/ambari-3.c.apache.internal/host_components/HBASE_REGIONSERVER",
          "HostRoles" : {
            "cluster_name" : "c1",
            "component_name" : "HBASE_REGIONSERVER",
            "host_name" : "ambari-3.c.apache.internal",
            "state" : "STARTED"
          }
        },
        {
          "href" : "http://162.216.148.67:8080/api/v1/clusters/c1/hosts/ambari-3.c.apache.internal/host_components/HCAT",
          "HostRoles" : {
            "cluster_name" : "c1",
            "component_name" : "HCAT",
            "host_name" : "ambari-3.c.apache.internal",
            "state" : "INSTALLED"
          }
        },
        {
          "href" : "http://162.216.148.67:8080/api/v1/clusters/c1/hosts/ambari-3.c.apache.internal/host_components/HDFS_CLIENT",
          "HostRoles" : {
            "cluster_name" : "c1",
            "component_name" : "HDFS_CLIENT",
            "host_name" : "ambari-3.c.apache.internal",
            "state" : "INSTALLED"
          }
        },
        {
          "href" : "http://162.216.148.67:8080/api/v1/clusters/c1/hosts/ambari-3.c.apache.internal/host_components/HIVE_CLIENT",
          "HostRoles" : {
            "cluster_name" : "c1",
            "component_name" : "HIVE_CLIENT",
            "host_name" : "ambari-3.c.apache.internal",
            "state" : "INSTALLED"
          }
        },
        {
          "href" : "http://162.216.148.67:8080/api/v1/clusters/c1/hosts/ambari-3.c.apache.internal/host_components/MAPREDUCE2_CLIENT",
          "HostRoles" : {
            "cluster_name" : "c1",
            "component_name" : "MAPREDUCE2_CLIENT",
            "host_name" : "ambari-3.c.apache.internal",
            "state" : "INSTALLED"
          }
        },
        {
          "href" : "http://162.216.148.67:8080/api/v1/clusters/c1/hosts/ambari-3.c.apache.internal/host_components/NODEMANAGER",
          "HostRoles" : {
            "cluster_name" : "c1",
            "component_name" : "NODEMANAGER",
            "host_name" : "ambari-3.c.apache.internal",
            "state" : "STARTED"
          }
        },
        {
          "href" : "http://162.216.148.67:8080/api/v1/clusters/c1/hosts/ambari-3.c.apache.internal/host_components/OOZIE_CLIENT",
          "HostRoles" : {
            "cluster_name" : "c1",
            "component_name" : "OOZIE_CLIENT",
            "host_name" : "ambari-3.c.apache.internal",
            "state" : "INSTALLED"
          }
        },
        {
          "href" : "http://162.216.148.67:8080/api/v1/clusters/c1/hosts/ambari-3.c.apache.internal/host_components/PIG",
          "HostRoles" : {
            "cluster_name" : "c1",
            "component_name" : "PIG",
            "host_name" : "ambari-3.c.apache.internal",
            "state" : "INSTALLED"
          }
        },
        {
          "href" : "http://162.216.148.67:8080/api/v1/clusters/c1/hosts/ambari-3.c.apache.internal/host_components/SQOOP",
          "HostRoles" : {
            "cluster_name" : "c1",
            "component_name" : "SQOOP",
            "host_name" : "ambari-3.c.apache.internal",
            "state" : "INSTALLED"
          }
        },
        {
          "href" : "http://162.216.148.67:8080/api/v1/clusters/c1/hosts/ambari-3.c.apache.internal/host_components/YARN_CLIENT",
          "HostRoles" : {
            "cluster_name" : "c1",
            "component_name" : "YARN_CLIENT",
            "host_name" : "ambari-3.c.apache.internal",
            "state" : "INSTALLED"
          }
        },
        {
          "href" : "http://162.216.148.67:8080/api/v1/clusters/c1/hosts/ambari-3.c.apache.internal/host_components/ZOOKEEPER_CLIENT",
          "HostRoles" : {
            "cluster_name" : "c1",
            "component_name" : "ZOOKEEPER_CLIENT",
            "host_name" : "ambari-3.c.apache.internal",
            "state" : "INSTALLED"
          }
        },
        {
          "href" : "http://162.216.148.67:8080/api/v1/clusters/c1/hosts/ambari-3.c.apache.internal/host_components/ZOOKEEPER_SERVER",
          "HostRoles" : {
            "cluster_name" : "c1",
            "component_name" : "ZOOKEEPER_SERVER",
            "host_name" : "ambari-3.c.apache.internal",
            "state" : "STARTED"
          }
        }
      ]
    }
  ]
}