{
  "href" : "http://ec2-23-20-184-220.compute-1.amazonaws.com:8080/api/v1/clusters/tdk?fields=Clusters",
  "Clusters" : {
    "cluster_name" : "tdk",
    "cluster_id" : 1,
    "version" : "HDP-2.2.0",
    "desired_configs" : {
      "mapred-site" : {
        "tag" : "version1"
      },
      "hbase-site" : {
        "tag" : "version1"
      },
      "global" : {
        "tag" : "version1"
      },
      "hdfs-site" : {
        "tag" : "version1"
      },
      "mapred-queue-acls" : {
        "tag" : "version1"
      },
      "webhcat-site" : {
        "tag" : "version1"
      },
      "oozie-site" : {
        "tag" : "version1"
      },
      "hive-site" : {
        "tag" : "version1"
      },
      "storm-site" : {
        "tag" : "version1"
      },
      "tez-site" : {
        "tag": "version1"
      },
      "capacity-scheduler" : {
        "tag" : "version1"
      },
      "core-site" : {
        "tag" : "version1"
      }
    }
  }
}
