{
  "href" : "http://ec2-54-234-122-153.compute-1.amazonaws.com:8080/api/v1/clusters/cl/services/HDFS?_=1362999856738",
  "ServiceInfo" : {
    "cluster_name" : "cl",
    "state" : "STARTED",
    "service_name" : "HDFS",
    "desired_configs" : {
      "global" : "version1",
      "hdfs-site" : "version1",
      "core-site" : "version1"
    }
  },
  "components" : [
    {
      "href" : "http://ec2-54-234-122-153.compute-1.amazonaws.com:8080/api/v1/clusters/cl/services/HDFS/components/SECONDARY_NAMENODE",
      "ServiceComponentInfo" : {
        "cluster_name" : "cl",
        "component_name" : "SECONDARY_NAMENODE",
        "service_name" : "HDFS"
      }
    },
    {
      "href" : "http://ec2-54-234-122-153.compute-1.amazonaws.com:8080/api/v1/clusters/cl/services/HDFS/components/DATANODE",
      "ServiceComponentInfo" : {
        "cluster_name" : "cl",
        "component_name" : "DATANODE",
        "service_name" : "HDFS"
      }
    },
    {
      "href" : "http://ec2-54-234-122-153.compute-1.amazonaws.com:8080/api/v1/clusters/cl/services/HDFS/components/HDFS_CLIENT",
      "ServiceComponentInfo" : {
        "cluster_name" : "cl",
        "component_name" : "HDFS_CLIENT",
        "service_name" : "HDFS"
      }
    },
    {
      "href" : "http://ec2-54-234-122-153.compute-1.amazonaws.com:8080/api/v1/clusters/cl/services/HDFS/components/NAMENODE",
      "ServiceComponentInfo" : {
        "cluster_name" : "cl",
        "component_name" : "NAMENODE",
        "service_name" : "HDFS"
      }
    }
  ]
}
