{
  "href" : "http://ec2-54-226-143-119.compute-1.amazonaws.com:8080/api/v1/clusters/fc/services/FLUME/components/FLUME_HANDLER?fields=host_components/metrics/flume/flume/CHANNEL/*/ChannelFillPercentage[1371324108,1371327708,15]&_=1371327708316",
  "ServiceComponentInfo" : {
    "cluster_name" : "fc",
    "component_name" : "FLUME_HANDLER",
    "service_name" : "FLUME"
  },
  "host_components" : [
    {
      "href" : "http://ec2-54-226-143-119.compute-1.amazonaws.com:8080/api/v1/clusters/fc/hosts/ip-10-204-21-198.ec2.internal/host_components/FLUME_HANDLER",
      "HostRoles" : {
        "cluster_name" : "fc",
        "component_name" : "FLUME_HANDLER",
        "host_name" : "ip-10-204-21-198.ec2.internal"
      },
      "metrics" : {
        "flume" : {
          "flume" : {
            "CHANNEL" : {
              "c1" : {
                "ChannelFillPercentage" : [
                  [
                    0.0,
                    1371324105
                  ],
                  [
                    0.0,
                    1371324120
                  ],
                  [
                    0.04,
                    1371324135
                  ],
                  [
                    0.2,
                    1371324150
                  ],
                  [
                    0.2,
                    1371324165
                  ],
                  [
                    0.2,
                    1371324180
                  ],
                  [
                    0.173333333333,
                    1371324195
                  ],
                  [
                    0.0,
                    1371324210
                  ],
                  [
                    0.0,
                    1371324225
                  ],
                  [
                    0.0,
                    1371324240
                  ],
                  [
                    0.0,
                    1371324255
                  ],
                  [
                    0.0,
                    1371324270
                  ],
                  [
                    0.0,
                    1371324285
                  ],
                  [
                    0.0,
                    1371324300
                  ],
                  [
                    0.0,
                    1371324315
                  ],
                  [
                    0.0,
                    1371324330
                  ],
                  [
                    0.0,
                    1371324345
                  ],
                  [
                    0.0,
                    1371324360
                  ],
                  [
                    0.0,
                    1371324375
                  ],
                  [
                    0.0,
                    1371324390
                  ],
                  [
                    0.0,
                    1371324405
                  ],
                  [
                    0.0,
                    1371324420
                  ],
                  [
                    0.0,
                    1371324435
                  ],
                  [
                    0.0,
                    1371324450
                  ],
                  [
                    0.0,
                    1371324465
                  ],
                  [
                    0.0,
                    1371324480
                  ],
                  [
                    0.0,
                    1371324495
                  ],
                  [
                    0.0,
                    1371324510
                  ],
                  [
                    0.0,
                    1371324525
                  ],
                  [
                    0.0,
                    1371324540
                  ],
                  [
                    0.0,
                    1371324555
                  ],
                  [
                    0.0,
                    1371324570
                  ],
                  [
                    0.0,
                    1371324585
                  ],
                  [
                    0.0,
                    1371324600
                  ],
                  [
                    0.0,
                    1371324615
                  ],
                  [
                    0.0,
                    1371324630
                  ],
                  [
                    0.0,
                    1371324645
                  ],
                  [
                    0.0,
                    1371324660
                  ],
                  [
                    0.0,
                    1371324675
                  ],
                  [
                    0.0,
                    1371324690
                  ],
                  [
                    0.0,
                    1371324705
                  ],
                  [
                    0.0,
                    1371324720
                  ],
                  [
                    0.0133333333333,
                    1371324735
                  ],
                  [
                    0.2,
                    1371324750
                  ],
                  [
                    0.2,
                    1371324765
                  ],
                  [
                    0.2,
                    1371324780
                  ],
                  [
                    0.186666666667,
                    1371324795
                  ],
                  [
                    0.0,
                    1371324810
                  ],
                  [
                    0.0,
                    1371324825
                  ],
                  [
                    0.0,
                    1371324840
                  ],
                  [
                    0.0,
                    1371324855
                  ],
                  [
                    0.0,
                    1371324870
                  ],
                  [
                    0.0,
                    1371324885
                  ],
                  [
                    0.0,
                    1371324900
                  ],
                  [
                    0.0,
                    1371324915
                  ],
                  [
                    0.0,
                    1371324930
                  ],
                  [
                    0.0,
                    1371324945
                  ],
                  [
                    0.0,
                    1371324960
                  ],
                  [
                    0.0,
                    1371324975
                  ],
                  [
                    0.0,
                    1371324990
                  ],
                  [
                    0.0,
                    1371325005
                  ],
                  [
                    0.0,
                    1371325020
                  ],
                  [
                    0.0,
                    1371325035
                  ],
                  [
                    0.0,
                    1371325050
                  ],
                  [
                    0.0,
                    1371325065
                  ],
                  [
                    0.0,
                    1371325080
                  ],
                  [
                    0.0,
                    1371325095
                  ],
                  [
                    0.0,
                    1371325110
                  ],
                  [
                    0.0,
                    1371325125
                  ],
                  [
                    0.0,
                    1371325140
                  ],
                  [
                    0.0,
                    1371325155
                  ],
                  [
                    0.0,
                    1371325170
                  ],
                  [
                    0.0,
                    1371325185
                  ],
                  [
                    0.0,
                    1371325200
                  ],
                  [
                    0.0,
                    1371325215
                  ],
                  [
                    0.0,
                    1371325230
                  ],
                  [
                    0.0,
                    1371325245
                  ],
                  [
                    0.0,
                    1371325260
                  ],
                  [
                    0.0,
                    1371325275
                  ],
                  [
                    0.0,
                    1371325290
                  ],
                  [
                    0.0,
                    1371325305
                  ],
                  [
                    0.0,
                    1371325320
                  ],
                  [
                    0.0,
                    1371325335
                  ],
                  [
                    0.0,
                    1371325350
                  ],
                  [
                    0.0,
                    1371325365
                  ],
                  [
                    0.0,
                    1371325380
                  ],
                  [
                    0.0,
                    1371325395
                  ],
                  [
                    0.0,
                    1371325410
                  ],
                  [
                    0.0,
                    1371325425
                  ],
                  [
                    0.0,
                    1371325440
                  ],
                  [
                    0.0,
                    1371325455
                  ],
                  [
                    0.0,
                    1371325470
                  ],
                  [
                    0.0,
                    1371325485
                  ],
                  [
                    0.0,
                    1371325500
                  ],
                  [
                    0.0,
                    1371325515
                  ],
                  [
                    0.0,
                    1371325530
                  ],
                  [
                    0.0,
                    1371325545
                  ],
                  [
                    0.0,
                    1371325560
                  ],
                  [
                    0.0,
                    1371325575
                  ],
                  [
                    0.0,
                    1371325590
                  ],
                  [
                    0.0,
                    1371325605
                  ],
                  [
                    0.0,
                    1371325620
                  ],
                  [
                    0.0,
                    1371325635
                  ],
                  [
                    0.0,
                    1371325650
                  ],
                  [
                    0.0,
                    1371325665
                  ],
                  [
                    0.0,
                    1371325680
                  ],
                  [
                    0.0,
                    1371325695
                  ],
                  [
                    0.0,
                    1371325710
                  ],
                  [
                    0.0,
                    1371325725
                  ],
                  [
                    0.0,
                    1371325740
                  ],
                  [
                    0.0,
                    1371325755
                  ],
                  [
                    0.0,
                    1371325770
                  ],
                  [
                    0.0,
                    1371325785
                  ],
                  [
                    0.0,
                    1371325800
                  ],
                  [
                    0.0,
                    1371325815
                  ],
                  [
                    0.0,
                    1371325830
                  ],
                  [
                    0.0,
                    1371325845
                  ],
                  [
                    0.0,
                    1371325860
                  ],
                  [
                    0.0,
                    1371325875
                  ],
                  [
                    0.0,
                    1371325890
                  ],
                  [
                    0.0,
                    1371325905
                  ],
                  [
                    0.0,
                    1371325920
                  ],
                  [
                    0.0,
                    1371325935
                  ],
                  [
                    0.0,
                    1371325950
                  ],
                  [
                    0.0,
                    1371325965
                  ],
                  [
                    0.0,
                    1371325980
                  ],
                  [
                    0.0,
                    1371325995
                  ],
                  [
                    0.133333333333,
                    1371326010
                  ],
                  [
                    0.2,
                    1371326025
                  ],
                  [
                    0.2,
                    1371326040
                  ],
                  [
                    0.2,
                    1371326055
                  ],
                  [
                    0.0666666666667,
                    1371326070
                  ],
                  [
                    0.0,
                    1371326085
                  ],
                  [
                    0.0,
                    1371326100
                  ],
                  [
                    0.0,
                    1371326115
                  ],
                  [
                    0.133333333333,
                    1371326130
                  ],
                  [
                    0.2,
                    1371326145
                  ],
                  [
                    0.2,
                    1371326160
                  ],
                  [
                    0.2,
                    1371326175
                  ],
                  [
                    0.0533333333333,
                    1371326190
                  ],
                  [
                    0.0,
                    1371326205
                  ],
                  [
                    0.0,
                    1371326220
                  ],
                  [
                    0.0,
                    1371326235
                  ],
                  [
                    0.0,
                    1371326250
                  ],
                  [
                    0.0,
                    1371326265
                  ],
                  [
                    0.0,
                    1371326280
                  ],
                  [
                    0.0,
                    1371326295
                  ],
                  [
                    0.0,
                    1371326310
                  ],
                  [
                    0.0,
                    1371326325
                  ],
                  [
                    0.0,
                    1371326340
                  ],
                  [
                    0.0,
                    1371326355
                  ],
                  [
                    0.0,
                    1371326370
                  ],
                  [
                    0.0,
                    1371326385
                  ],
                  [
                    0.0,
                    1371326400
                  ],
                  [
                    0.0,
                    1371326415
                  ],
                  [
                    0.0,
                    1371326430
                  ],
                  [
                    0.0,
                    1371326445
                  ],
                  [
                    0.0,
                    1371326460
                  ],
                  [
                    0.0,
                    1371326475
                  ],
                  [
                    0.0,
                    1371326490
                  ],
                  [
                    0.0,
                    1371326505
                  ],
                  [
                    0.0,
                    1371326520
                  ],
                  [
                    0.0,
                    1371326535
                  ],
                  [
                    0.0,
                    1371326550
                  ],
                  [
                    0.0,
                    1371326565
                  ],
                  [
                    0.0,
                    1371326580
                  ],
                  [
                    0.0,
                    1371326595
                  ],
                  [
                    0.16,
                    1371326610
                  ],
                  [
                    0.2,
                    1371326625
                  ],
                  [
                    0.2,
                    1371326640
                  ],
                  [
                    0.2,
                    1371326655
                  ],
                  [
                    0.04,
                    1371326670
                  ],
                  [
                    0.0,
                    1371326685
                  ],
                  [
                    0.0,
                    1371326700
                  ],
                  [
                    0.0,
                    1371326715
                  ],
                  [
                    0.0,
                    1371326730
                  ],
                  [
                    0.0,
                    1371326745
                  ],
                  [
                    0.0,
                    1371326760
                  ],
                  [
                    0.0,
                    1371326775
                  ],
                  [
                    0.0,
                    1371326790
                  ],
                  [
                    0.0,
                    1371326805
                  ],
                  [
                    0.0,
                    1371326820
                  ],
                  [
                    0.0,
                    1371326835
                  ],
                  [
                    0.146666666667,
                    1371326850
                  ],
                  [
                    0.2,
                    1371326865
                  ],
                  [
                    0.2,
                    1371326880
                  ],
                  [
                    0.2,
                    1371326895
                  ],
                  [
                    0.04,
                    1371326910
                  ],
                  [
                    0.0,
                    1371326925
                  ],
                  [
                    0.0,
                    1371326940
                  ],
                  [
                    0.0,
                    1371326955
                  ],
                  [
                    0.0,
                    1371326970
                  ],
                  [
                    0.0,
                    1371326985
                  ],
                  [
                    0.0,
                    1371327000
                  ],
                  [
                    0.0,
                    1371327015
                  ],
                  [
                    0.0,
                    1371327030
                  ],
                  [
                    0.0,
                    1371327045
                  ],
                  [
                    0.0,
                    1371327060
                  ],
                  [
                    0.0,
                    1371327075
                  ],
                  [
                    0.0,
                    1371327090
                  ],
                  [
                    0.0,
                    1371327105
                  ],
                  [
                    0.0,
                    1371327120
                  ],
                  [
                    0.0,
                    1371327135
                  ],
                  [
                    0.0,
                    1371327150
                  ],
                  [
                    0.0,
                    1371327165
                  ],
                  [
                    0.0,
                    1371327180
                  ],
                  [
                    0.0,
                    1371327195
                  ],
                  [
                    0.0,
                    1371327210
                  ],
                  [
                    0.0,
                    1371327225
                  ],
                  [
                    0.0,
                    1371327240
                  ],
                  [
                    0.0,
                    1371327255
                  ],
                  [
                    0.146666666667,
                    1371327270
                  ],
                  [
                    0.2,
                    1371327285
                  ],
                  [
                    0.2,
                    1371327300
                  ],
                  [
                    0.2,
                    1371327315
                  ],
                  [
                    0.04,
                    1371327330
                  ],
                  [
                    0.0,
                    1371327345
                  ],
                  [
                    0.0,
                    1371327360
                  ],
                  [
                    0.0,
                    1371327375
                  ],
                  [
                    0.0,
                    1371327390
                  ],
                  [
                    0.0,
                    1371327405
                  ],
                  [
                    0.0,
                    1371327420
                  ],
                  [
                    0.0,
                    1371327435
                  ],
                  [
                    0.16,
                    1371327450
                  ],
                  [
                    0.2,
                    1371327465
                  ],
                  [
                    0.2,
                    1371327480
                  ],
                  [
                    0.2,
                    1371327495
                  ],
                  [
                    0.0666666666667,
                    1371327510
                  ],
                  [
                    0.0,
                    1371327525
                  ],
                  [
                    0.0,
                    1371327540
                  ],
                  [
                    0.0,
                    1371327555
                  ],
                  [
                    0.0,
                    1371327570
                  ]
                ]
              }
            }
          }
        }
      }
    },
    {
      "href" : "http://ec2-54-226-143-119.compute-1.amazonaws.com:8080/api/v1/clusters/fc/hosts/ip-10-38-6-229.ec2.internal/host_components/FLUME_HANDLER",
      "HostRoles" : {
        "cluster_name" : "fc",
        "component_name" : "FLUME_HANDLER",
        "host_name" : "ip-10-38-6-229.ec2.internal"
      },
      "metrics" : {
        "flume" : {
          "flume" : {
            "CHANNEL" : {
              "c1" : {
                "ChannelFillPercentage" : [
                  [
                    99.57,
                    1371324105
                  ],
                  [
                    99.57,
                    1371324120
                  ],
                  [
                    99.57,
                    1371324135
                  ],
                  [
                    99.586,
                    1371324150
                  ],
                  [
                    99.69,
                    1371324165
                  ],
                  [
                    99.69,
                    1371324180
                  ],
                  [
                    99.69,
                    1371324195
                  ],
                  [
                    99.6406666667,
                    1371324210
                  ],
                  [
                    99.32,
                    1371324225
                  ],
                  [
                    99.32,
                    1371324240
                  ],
                  [
                    99.32,
                    1371324255
                  ],
                  [
                    99.408,
                    1371324270
                  ],
                  [
                    99.76,
                    1371324285
                  ],
                  [
                    99.76,
                    1371324300
                  ],
                  [
                    99.76,
                    1371324315
                  ],
                  [
                    99.708,
                    1371324330
                  ],
                  [
                    99.37,
                    1371324345
                  ],
                  [
                    99.37,
                    1371324360
                  ],
                  [
                    99.37,
                    1371324375
                  ],
                  [
                    99.3393333333,
                    1371324390
                  ],
                  [
                    99.14,
                    1371324405
                  ],
                  [
                    99.14,
                    1371324420
                  ],
                  [
                    99.14,
                    1371324435
                  ],
                  [
                    99.2533333333,
                    1371324450
                  ],
                  [
                    99.99,
                    1371324465
                  ],
                  [
                    99.99,
                    1371324480
                  ],
                  [
                    99.99,
                    1371324495
                  ],
                  [
                    99.886,
                    1371324510
                  ],
                  [
                    99.21,
                    1371324525
                  ],
                  [
                    99.21,
                    1371324540
                  ],
                  [
                    99.258,
                    1371324555
                  ],
                  [
                    99.258,
                    1371324570
                  ],
                  [
                    99.3,
                    1371324585
                  ],
                  [
                    99.3,
                    1371324600
                  ],
                  [
                    99.3166666667,
                    1371324615
                  ],
                  [
                    99.55,
                    1371324630
                  ],
                  [
                    99.55,
                    1371324645
                  ],
                  [
                    99.55,
                    1371324660
                  ],
                  [
                    99.5553333333,
                    1371324675
                  ],
                  [
                    99.63,
                    1371324690
                  ],
                  [
                    99.63,
                    1371324705
                  ],
                  [
                    99.63,
                    1371324720
                  ],
                  [
                    99.6066666667,
                    1371324735
                  ],
                  [
                    99.28,
                    1371324750
                  ],
                  [
                    99.28,
                    1371324765
                  ],
                  [
                    99.28,
                    1371324780
                  ],
                  [
                    99.3133333333,
                    1371324795
                  ],
                  [
                    99.78,
                    1371324810
                  ],
                  [
                    99.78,
                    1371324825
                  ],
                  [
                    99.78,
                    1371324840
                  ],
                  [
                    99.7533333333,
                    1371324855
                  ],
                  [
                    99.38,
                    1371324870
                  ],
                  [
                    99.38,
                    1371324885
                  ],
                  [
                    99.38,
                    1371324900
                  ],
                  [
                    99.38,
                    1371324915
                  ],
                  [
                    99.1653333333,
                    1371324930
                  ],
                  [
                    99.15,
                    1371324945
                  ],
                  [
                    99.15,
                    1371324960
                  ],
                  [
                    99.15,
                    1371324975
                  ],
                  [
                    99.0846666667,
                    1371324990
                  ],
                  [
                    99.08,
                    1371325005
                  ],
                  [
                    99.08,
                    1371325020
                  ],
                  [
                    99.08,
                    1371325035
                  ],
                  [
                    99.4346666667,
                    1371325050
                  ],
                  [
                    99.46,
                    1371325065
                  ],
                  [
                    99.46,
                    1371325080
                  ],
                  [
                    99.46,
                    1371325095
                  ],
                  [
                    99.3666666667,
                    1371325110
                  ],
                  [
                    99.36,
                    1371325125
                  ],
                  [
                    99.36,
                    1371325140
                  ],
                  [
                    99.36,
                    1371325155
                  ],
                  [
                    99.2213333333,
                    1371325170
                  ],
                  [
                    99.2,
                    1371325185
                  ],
                  [
                    99.2,
                    1371325200
                  ],
                  [
                    99.2,
                    1371325215
                  ],
                  [
                    99.592,
                    1371325230
                  ],
                  [
                    99.69,
                    1371325245
                  ],
                  [
                    99.69,
                    1371325260
                  ],
                  [
                    99.69,
                    1371325275
                  ],
                  [
                    99.338,
                    1371325290
                  ],
                  [
                    99.21,
                    1371325305
                  ],
                  [
                    99.21,
                    1371325320
                  ],
                  [
                    99.21,
                    1371325335
                  ],
                  [
                    99.3933333333,
                    1371325350
                  ],
                  [
                    99.46,
                    1371325365
                  ],
                  [
                    99.46,
                    1371325380
                  ],
                  [
                    99.46,
                    1371325395
                  ],
                  [
                    99.38,
                    1371325410
                  ],
                  [
                    99.36,
                    1371325425
                  ],
                  [
                    99.36,
                    1371325440
                  ],
                  [
                    99.36,
                    1371325455
                  ],
                  [
                    99.5653333333,
                    1371325470
                  ],
                  [
                    99.64,
                    1371325485
                  ],
                  [
                    99.64,
                    1371325500
                  ],
                  [
                    99.64,
                    1371325515
                  ],
                  [
                    81.8933333333,
                    1371325530
                  ],
                  [
                    75.44,
                    1371325545
                  ],
                  [
                    75.44,
                    1371325560
                  ],
                  [
                    75.44,
                    1371325575
                  ],
                  [
                    50.514,
                    1371325590
                  ],
                  [
                    41.45,
                    1371325605
                  ],
                  [
                    41.45,
                    1371325620
                  ],
                  [
                    41.45,
                    1371325635
                  ],
                  [
                    13.8166666667,
                    1371325650
                  ],
                  [
                    0.0,
                    1371325665
                  ],
                  [
                    0.0,
                    1371325680
                  ],
                  [
                    0.0,
                    1371325695
                  ],
                  [
                    0.0,
                    1371325710
                  ],
                  [
                    0.0,
                    1371325725
                  ],
                  [
                    0.0,
                    1371325740
                  ],
                  [
                    0.0,
                    1371325755
                  ],
                  [
                    0.0,
                    1371325770
                  ],
                  [
                    0.0,
                    1371325785
                  ],
                  [
                    0.0,
                    1371325800
                  ],
                  [
                    0.0,
                    1371325815
                  ],
                  [
                    0.0,
                    1371325830
                  ],
                  [
                    0.0,
                    1371325845
                  ],
                  [
                    0.0,
                    1371325860
                  ],
                  [
                    0.0,
                    1371325875
                  ],
                  [
                    0.0,
                    1371325890
                  ],
                  [
                    0.0,
                    1371325905
                  ],
                  [
                    0.0,
                    1371325920
                  ],
                  [
                    0.0,
                    1371325935
                  ],
                  [
                    0.0,
                    1371325950
                  ],
                  [
                    0.0,
                    1371325965
                  ],
                  [
                    0.0,
                    1371325980
                  ],
                  [
                    0.0,
                    1371325995
                  ],
                  [
                    0.0,
                    1371326010
                  ],
                  [
                    0.0,
                    1371326025
                  ],
                  [
                    0.0,
                    1371326040
                  ],
                  [
                    0.0,
                    1371326055
                  ],
                  [
                    0.0,
                    1371326070
                  ],
                  [
                    0.0,
                    1371326085
                  ],
                  [
                    0.0,
                    1371326100
                  ],
                  [
                    0.0,
                    1371326115
                  ],
                  [
                    0.0,
                    1371326130
                  ],
                  [
                    0.0,
                    1371326145
                  ],
                  [
                    0.0,
                    1371326160
                  ],
                  [
                    0.0,
                    1371326175
                  ],
                  [
                    0.0,
                    1371326190
                  ],
                  [
                    0.0,
                    1371326205
                  ],
                  [
                    0.0,
                    1371326220
                  ],
                  [
                    0.0,
                    1371326235
                  ],
                  [
                    0.0,
                    1371326250
                  ],
                  [
                    0.0,
                    1371326265
                  ],
                  [
                    0.0,
                    1371326280
                  ],
                  [
                    0.0,
                    1371326295
                  ],
                  [
                    0.0,
                    1371326310
                  ],
                  [
                    0.0,
                    1371326325
                  ],
                  [
                    0.0,
                    1371326340
                  ],
                  [
                    0.0,
                    1371326355
                  ],
                  [
                    0.0,
                    1371326370
                  ],
                  [
                    0.0,
                    1371326385
                  ],
                  [
                    0.0,
                    1371326400
                  ],
                  [
                    0.0,
                    1371326415
                  ],
                  [
                    0.0,
                    1371326430
                  ],
                  [
                    0.0,
                    1371326445
                  ],
                  [
                    0.0,
                    1371326460
                  ],
                  [
                    0.0,
                    1371326475
                  ],
                  [
                    0.0,
                    1371326490
                  ],
                  [
                    0.0,
                    1371326505
                  ],
                  [
                    0.0,
                    1371326520
                  ],
                  [
                    0.0,
                    1371326535
                  ],
                  [
                    0.0,
                    1371326550
                  ],
                  [
                    0.0,
                    1371326565
                  ],
                  [
                    0.0,
                    1371326580
                  ],
                  [
                    0.0,
                    1371326595
                  ],
                  [
                    0.0,
                    1371326610
                  ],
                  [
                    0.0,
                    1371326625
                  ],
                  [
                    0.0,
                    1371326640
                  ],
                  [
                    0.0,
                    1371326655
                  ],
                  [
                    0.0,
                    1371326670
                  ],
                  [
                    0.0,
                    1371326685
                  ],
                  [
                    0.0,
                    1371326700
                  ],
                  [
                    0.0,
                    1371326715
                  ],
                  [
                    0.0,
                    1371326730
                  ],
                  [
                    0.0,
                    1371326745
                  ],
                  [
                    0.0,
                    1371326760
                  ],
                  [
                    0.0,
                    1371326775
                  ],
                  [
                    0.0,
                    1371326790
                  ],
                  [
                    0.0,
                    1371326805
                  ],
                  [
                    0.0,
                    1371326820
                  ],
                  [
                    0.0,
                    1371326835
                  ],
                  [
                    0.0,
                    1371326850
                  ],
                  [
                    0.0,
                    1371326865
                  ],
                  [
                    0.0,
                    1371326880
                  ],
                  [
                    0.0,
                    1371326895
                  ],
                  [
                    0.0,
                    1371326910
                  ],
                  [
                    0.0,
                    1371326925
                  ],
                  [
                    0.0,
                    1371326940
                  ],
                  [
                    0.0,
                    1371326955
                  ],
                  [
                    0.0,
                    1371326970
                  ],
                  [
                    0.0,
                    1371326985
                  ],
                  [
                    0.0,
                    1371327000
                  ],
                  [
                    0.0,
                    1371327015
                  ],
                  [
                    0.0,
                    1371327030
                  ],
                  [
                    0.0,
                    1371327045
                  ],
                  [
                    0.0,
                    1371327060
                  ],
                  [
                    0.0,
                    1371327075
                  ],
                  [
                    0.0,
                    1371327090
                  ],
                  [
                    0.0,
                    1371327105
                  ],
                  [
                    0.0,
                    1371327120
                  ],
                  [
                    0.0,
                    1371327135
                  ],
                  [
                    0.0,
                    1371327150
                  ],
                  [
                    0.0,
                    1371327165
                  ],
                  [
                    0.0,
                    1371327180
                  ],
                  [
                    0.0,
                    1371327195
                  ],
                  [
                    0.0,
                    1371327210
                  ],
                  [
                    0.0,
                    1371327225
                  ],
                  [
                    0.0,
                    1371327240
                  ],
                  [
                    0.0,
                    1371327255
                  ],
                  [
                    0.0,
                    1371327270
                  ],
                  [
                    0.0,
                    1371327285
                  ],
                  [
                    0.0,
                    1371327300
                  ],
                  [
                    0.0,
                    1371327315
                  ],
                  [
                    0.0,
                    1371327330
                  ],
                  [
                    0.0,
                    1371327345
                  ],
                  [
                    0.0,
                    1371327360
                  ],
                  [
                    0.0,
                    1371327375
                  ],
                  [
                    0.0,
                    1371327390
                  ],
                  [
                    0.0,
                    1371327405
                  ],
                  [
                    0.0,
                    1371327420
                  ],
                  [
                    0.0,
                    1371327435
                  ],
                  [
                    0.0,
                    1371327450
                  ],
                  [
                    0.0,
                    1371327465
                  ],
                  [
                    0.0,
                    1371327480
                  ],
                  [
                    0.0,
                    1371327495
                  ],
                  [
                    0.0,
                    1371327510
                  ],
                  [
                    0.0,
                    1371327525
                  ]
                ]
              }
            }
          }
        }
      }
    }
  ]
}
