{
  "href" : "http://ec2-54-226-143-119.compute-1.amazonaws.com:8080/api/v1/clusters/fc/services/FLUME/components/FLUME_HANDLER?fields=host_components/metrics/cpu/cpu_user[1371326887,1371330487,15]&_=1371330486559",
  "ServiceComponentInfo" : {
    "cluster_name" : "fc",
    "component_name" : "FLUME_HANDLER",
    "service_name" : "FLUME"
  },
  "host_components" : [
    {
      "href" : "http://ec2-54-226-143-119.compute-1.amazonaws.com:8080/api/v1/clusters/fc/hosts/ip-10-204-21-198.ec2.internal/host_components/FLUME_HANDLER",
      "HostRoles" : {
        "cluster_name" : "fc",
        "component_name" : "FLUME_HANDLER",
        "host_name" : "ip-10-204-21-198.ec2.internal"
      },
      "metrics" : {
        "cpu" : {
          "cpu_user" : [
            [
              31.7,
              1371326880
            ],
            [
              31.7,
              1371326895
            ],
            [
              25.54,
              1371326910
            ],
            [
              24.0,
              1371326925
            ],
            [
              23.0466666667,
              1371326940
            ],
            [
              16.58,
              1371326955
            ],
            [
              15.0,
              1371326970
            ],
            [
              15.0,
              1371326985
            ],
            [
              26.5266666667,
              1371327000
            ],
            [
              13.3933333333,
              1371327015
            ],
            [
              27.3933333333,
              1371327030
            ],
            [
              29.9,
              1371327045
            ],
            [
              22.7066666667,
              1371327060
            ],
            [
              13.84,
              1371327075
            ],
            [
              11.9,
              1371327090
            ],
            [
              11.9,
              1371327105
            ],
            [
              23.26,
              1371327120
            ],
            [
              35.06,
              1371327135
            ],
            [
              37.3,
              1371327150
            ],
            [
              37.3,
              1371327165
            ],
            [
              39.6466666667,
              1371327180
            ],
            [
              38.3,
              1371327195
            ],
            [
              43.5133333333,
              1371327210
            ],
            [
              45.7,
              1371327225
            ],
            [
              36.98,
              1371327240
            ],
            [
              35.7533333333,
              1371327255
            ],
            [
              43.0666666667,
              1371327270
            ],
            [
              45.6,
              1371327285
            ],
            [
              39.5866666667,
              1371327300
            ],
            [
              37.4,
              1371327315
            ],
            [
              43.72,
              1371327330
            ],
            [
              45.3,
              1371327345
            ],
            [
              39.0666666667,
              1371327360
            ],
            [
              39.8066666667,
              1371327375
            ],
            [
              49.04,
              1371327390
            ],
            [
              52.0,
              1371327405
            ],
            [
              45.28,
              1371327420
            ],
            [
              43.6,
              1371327435
            ],
            [
              35.52,
              1371327450
            ],
            [
              33.5,
              1371327465
            ],
            [
              33.5,
              1371327480
            ],
            [
              21.18,
              1371327495
            ],
            [
              25.4333333333,
              1371327510
            ],
            [
              29.8,
              1371327525
            ],
            [
              24.3333333333,
              1371327540
            ],
            [
              14.3333333333,
              1371327555
            ],
            [
              23.0,
              1371327570
            ],
            [
              31.2,
              1371327585
            ],
            [
              31.2,
              1371327600
            ],
            [
              31.2,
              1371327615
            ],
            [
              27.0933333333,
              1371327630
            ],
            [
              22.54,
              1371327645
            ],
            [
              21.9,
              1371327660
            ],
            [
              22.8,
              1371327675
            ],
            [
              48.4133333333,
              1371327690
            ],
            [
              68.7,
              1371327705
            ],
            [
              67.3,
              1371327720
            ],
            [
              58.2333333333,
              1371327735
            ],
            [
              50.3,
              1371327750
            ],
            [
              54.6866666667,
              1371327765
            ],
            [
              59.7,
              1371327780
            ],
            [
              59.7,
              1371327795
            ],
            [
              58.7666666667,
              1371327810
            ],
            [
              58.4933333333,
              1371327825
            ],
            [
              59.4,
              1371327840
            ],
            [
              55.36,
              1371327855
            ],
            [
              55.0666666667,
              1371327870
            ],
            [
              63.72,
              1371327885
            ],
            [
              59.4,
              1371327900
            ],
            [
              56.8,
              1371327915
            ],
            [
              52.9,
              1371327930
            ],
            [
              55.7333333333,
              1371327945
            ],
            [
              61.4,
              1371327960
            ],
            [
              61.4,
              1371327975
            ],
            [
              60.44,
              1371327990
            ],
            [
              61.0,
              1371328005
            ],
            [
              65.0,
              1371328020
            ],
            [
              61.3,
              1371328035
            ],
            [
              53.9,
              1371328050
            ],
            [
              58.18,
              1371328065
            ],
            [
              64.6,
              1371328080
            ],
            [
              64.6,
              1371328095
            ],
            [
              67.2333333333,
              1371328110
            ],
            [
              68.5,
              1371328125
            ],
            [
              57.5,
              1371328140
            ],
            [
              57.5,
              1371328155
            ],
            [
              57.5,
              1371328170
            ],
            [
              59.2666666667,
              1371328185
            ],
            [
              62.8,
              1371328200
            ],
            [
              60.16,
              1371328215
            ],
            [
              64.0,
              1371328230
            ],
            [
              68.06,
              1371328245
            ],
            [
              56.6,
              1371328260
            ],
            [
              56.04,
              1371328275
            ],
            [
              55.2,
              1371328290
            ],
            [
              56.28,
              1371328305
            ],
            [
              57.9,
              1371328320
            ],
            [
              57.9,
              1371328335
            ],
            [
              65.32,
              1371328350
            ],
            [
              64.84,
              1371328365
            ],
            [
              54.6,
              1371328380
            ],
            [
              53.76,
              1371328395
            ],
            [
              61.74,
              1371328410
            ],
            [
              69.4,
              1371328425
            ],
            [
              57.0,
              1371328440
            ],
            [
              50.48,
              1371328455
            ],
            [
              44.5666666667,
              1371328470
            ],
            [
              49.7333333333,
              1371328485
            ],
            [
              44.6,
              1371328500
            ],
            [
              42.8,
              1371328515
            ],
            [
              39.2,
              1371328530
            ],
            [
              39.2,
              1371328545
            ],
            [
              39.2,
              1371328560
            ],
            [
              40.4,
              1371328575
            ],
            [
              45.7333333333,
              1371328590
            ],
            [
              56.04,
              1371328605
            ],
            [
              62.2,
              1371328620
            ],
            [
              60.68,
              1371328635
            ],
            [
              60.1,
              1371328650
            ],
            [
              65.3333333333,
              1371328665
            ],
            [
              61.4,
              1371328680
            ],
            [
              61.4,
              1371328695
            ],
            [
              63.7466666667,
              1371328710
            ],
            [
              68.4933333333,
              1371328725
            ],
            [
              62.5733333333,
              1371328740
            ],
            [
              59.2,
              1371328755
            ],
            [
              59.84,
              1371328770
            ],
            [
              62.4,
              1371328785
            ],
            [
              62.76,
              1371328800
            ],
            [
              64.2,
              1371328815
            ],
            [
              66.3,
              1371328830
            ],
            [
              71.02,
              1371328845
            ],
            [
              56.7266666667,
              1371328860
            ],
            [
              57.9,
              1371328875
            ],
            [
              62.1933333333,
              1371328890
            ],
            [
              74.0,
              1371328905
            ],
            [
              74.0,
              1371328920
            ],
            [
              74.0,
              1371328935
            ],
            [
              73.4666666667,
              1371328950
            ],
            [
              65.7333333333,
              1371328965
            ],
            [
              52.4,
              1371328980
            ],
            [
              54.68,
              1371328995
            ],
            [
              63.7,
              1371329010
            ],
            [
              64.46,
              1371329025
            ],
            [
              53.0,
              1371329040
            ],
            [
              55.6,
              1371329055
            ],
            [
              65.88,
              1371329070
            ],
            [
              66.38,
              1371329085
            ],
            [
              55.7,
              1371329100
            ],
            [
              56.38,
              1371329115
            ],
            [
              64.4666666667,
              1371329130
            ],
            [
              78.6,
              1371329145
            ],
            [
              78.6,
              1371329160
            ],
            [
              78.6,
              1371329175
            ],
            [
              72.8,
              1371329190
            ],
            [
              61.54,
              1371329205
            ],
            [
              57.7,
              1371329220
            ],
            [
              57.7,
              1371329235
            ],
            [
              59.7333333333,
              1371329250
            ],
            [
              61.2,
              1371329265
            ],
            [
              57.3,
              1371329280
            ],
            [
              58.78,
              1371329295
            ],
            [
              63.52,
              1371329310
            ],
            [
              68.0466666667,
              1371329325
            ],
            [
              68.9,
              1371329340
            ],
            [
              61.9,
              1371329355
            ],
            [
              58.94,
              1371329370
            ],
            [
              67.06,
              1371329385
            ],
            [
              67.9,
              1371329400
            ],
            [
              67.9,
              1371329415
            ],
            [
              67.9,
              1371329430
            ],
            [
              65.94,
              1371329445
            ],
            [
              63.0,
              1371329460
            ],
            [
              61.4,
              1371329475
            ],
            [
              59.0,
              1371329490
            ],
            [
              59.0,
              1371329505
            ],
            [
              59.0,
              1371329520
            ],
            [
              60.76,
              1371329535
            ],
            [
              62.3,
              1371329550
            ],
            [
              64.12,
              1371329565
            ],
            [
              66.2,
              1371329580
            ],
            [
              58.7333333333,
              1371329595
            ],
            [
              61.3733333333,
              1371329610
            ],
            [
              70.04,
              1371329625
            ],
            [
              70.6,
              1371329640
            ],
            [
              70.6,
              1371329655
            ],
            [
              67.08,
              1371329670
            ],
            [
              64.0,
              1371329685
            ],
            [
              70.3,
              1371329700
            ],
            [
              71.14,
              1371329715
            ],
            [
              74.7133333333,
              1371329730
            ],
            [
              79.8,
              1371329745
            ],
            [
              76.02,
              1371329760
            ],
            [
              61.86,
              1371329775
            ],
            [
              60.58,
              1371329790
            ],
            [
              64.9,
              1371329805
            ],
            [
              66.4333333333,
              1371329820
            ],
            [
              67.2,
              1371329835
            ],
            [
              67.2,
              1371329850
            ],
            [
              67.2,
              1371329865
            ],
            [
              63.46,
              1371329880
            ],
            [
              56.6733333333,
              1371329895
            ],
            [
              59.54,
              1371329910
            ],
            [
              61.3,
              1371329925
            ],
            [
              62.9,
              1371329940
            ],
            [
              57.94,
              1371329955
            ],
            [
              63.36,
              1371329970
            ],
            [
              64.4,
              1371329985
            ],
            [
              66.5666666667,
              1371330000
            ],
            [
              57.02,
              1371330015
            ],
            [
              65.7266666667,
              1371330030
            ],
            [
              67.3,
              1371330045
            ],
            [
              67.3,
              1371330060
            ],
            [
              67.3,
              1371330075
            ],
            [
              67.3,
              1371330090
            ],
            [
              76.1666666667,
              1371330105
            ],
            [
              67.0066666667,
              1371330120
            ],
            [
              59.66,
              1371330135
            ],
            [
              71.1133333333,
              1371330150
            ],
            [
              73.1,
              1371330165
            ],
            [
              67.2333333333,
              1371330180
            ],
            [
              59.18,
              1371330195
            ],
            [
              67.6,
              1371330210
            ],
            [
              71.2,
              1371330225
            ],
            [
              59.8333333333,
              1371330240
            ],
            [
              55.7,
              1371330255
            ],
            [
              60.6333333333,
              1371330270
            ],
            [
              63.1,
              1371330285
            ],
            [
              63.1,
              1371330300
            ],
            [
              36.16,
              1371330315
            ]
          ]
        }
      }
    },
    {
      "href" : "http://ec2-54-226-143-119.compute-1.amazonaws.com:8080/api/v1/clusters/fc/hosts/ip-10-38-6-229.ec2.internal/host_components/FLUME_HANDLER",
      "HostRoles" : {
        "cluster_name" : "fc",
        "component_name" : "FLUME_HANDLER",
        "host_name" : "ip-10-38-6-229.ec2.internal"
      },
      "metrics" : {
        "cpu" : {
          "cpu_user" : [
            [
              1.46,
              1371326880
            ],
            [
              1.2,
              1371326895
            ],
            [
              1.2,
              1371326910
            ],
            [
              2.41333333333,
              1371326925
            ],
            [
              2.6,
              1371326940
            ],
            [
              2.6,
              1371326955
            ],
            [
              2.6,
              1371326970
            ],
            [
              2.68666666667,
              1371326985
            ],
            [
              1.4,
              1371327000
            ],
            [
              0.766666666667,
              1371327015
            ],
            [
              0.7,
              1371327030
            ],
            [
              2.08666666667,
              1371327045
            ],
            [
              1.34666666667,
              1371327060
            ],
            [
              1.2,
              1371327075
            ],
            [
              1.2,
              1371327090
            ],
            [
              1.2,
              1371327105
            ],
            [
              1.68,
              1371327120
            ],
            [
              1.0,
              1371327135
            ],
            [
              0.8,
              1371327150
            ],
            [
              2.56,
              1371327165
            ],
            [
              1.53333333333,
              1371327180
            ],
            [
              1.0,
              1371327195
            ],
            [
              1.0,
              1371327210
            ],
            [
              2.44,
              1371327225
            ],
            [
              1.12,
              1371327240
            ],
            [
              0.7,
              1371327255
            ],
            [
              0.7,
              1371327270
            ],
            [
              2.31333333333,
              1371327285
            ],
            [
              1.43333333333,
              1371327300
            ],
            [
              0.826666666667,
              1371327315
            ],
            [
              0.8,
              1371327330
            ],
            [
              2.64,
              1371327345
            ],
            [
              1.34,
              1371327360
            ],
            [
              0.7,
              1371327375
            ],
            [
              0.7,
              1371327390
            ],
            [
              2.38,
              1371327405
            ],
            [
              1.28,
              1371327420
            ],
            [
              0.9,
              1371327435
            ],
            [
              0.9,
              1371327450
            ],
            [
              2.02,
              1371327465
            ],
            [
              1.34,
              1371327480
            ],
            [
              1.1,
              1371327495
            ],
            [
              1.1,
              1371327510
            ],
            [
              1.1,
              1371327525
            ],
            [
              1.1,
              1371327540
            ],
            [
              1.1,
              1371327555
            ],
            [
              1.76,
              1371327570
            ],
            [
              2.2,
              1371327585
            ],
            [
              1.36,
              1371327600
            ],
            [
              0.8,
              1371327615
            ],
            [
              1.6,
              1371327630
            ],
            [
              2.3,
              1371327645
            ],
            [
              1.28,
              1371327660
            ],
            [
              0.6,
              1371327675
            ],
            [
              1.66666666667,
              1371327690
            ],
            [
              2.6,
              1371327705
            ],
            [
              1.58666666667,
              1371327720
            ],
            [
              0.7,
              1371327735
            ],
            [
              1.55333333333,
              1371327750
            ],
            [
              2.3,
              1371327765
            ],
            [
              1.6,
              1371327780
            ],
            [
              0.8,
              1371327795
            ],
            [
              1.59333333333,
              1371327810
            ],
            [
              2.5,
              1371327825
            ],
            [
              2.02,
              1371327840
            ],
            [
              1.3,
              1371327855
            ],
            [
              1.7,
              1371327870
            ],
            [
              2.5,
              1371327885
            ],
            [
              2.06666666667,
              1371327900
            ],
            [
              1.2,
              1371327915
            ],
            [
              1.2,
              1371327930
            ],
            [
              1.43333333333,
              1371327945
            ],
            [
              1.9,
              1371327960
            ],
            [
              1.56666666667,
              1371327975
            ],
            [
              1.5,
              1371327990
            ],
            [
              2.4,
              1371328005
            ],
            [
              1.88,
              1371328020
            ],
            [
              1.1,
              1371328035
            ],
            [
              1.62,
              1371328050
            ],
            [
              2.4,
              1371328065
            ],
            [
              1.96666666667,
              1371328080
            ],
            [
              1.1,
              1371328095
            ],
            [
              1.6,
              1371328110
            ],
            [
              2.22666666667,
              1371328125
            ],
            [
              1.2,
              1371328140
            ],
            [
              1.2,
              1371328155
            ],
            [
              1.2,
              1371328170
            ],
            [
              1.2,
              1371328185
            ],
            [
              1.04,
              1371328200
            ],
            [
              0.8,
              1371328215
            ],
            [
              2.36,
              1371328230
            ],
            [
              4.7,
              1371328245
            ],
            [
              3.1,
              1371328260
            ],
            [
              0.7,
              1371328275
            ],
            [
              1.58,
              1371328290
            ],
            [
              2.9,
              1371328305
            ],
            [
              2.22,
              1371328320
            ],
            [
              1.2,
              1371328335
            ],
            [
              1.99333333333,
              1371328350
            ],
            [
              2.9,
              1371328365
            ],
            [
              2.06,
              1371328380
            ],
            [
              0.8,
              1371328395
            ],
            [
              1.32,
              1371328410
            ],
            [
              2.1,
              1371328425
            ],
            [
              2.1,
              1371328440
            ],
            [
              2.1,
              1371328455
            ],
            [
              2.46666666667,
              1371328470
            ],
            [
              3.2,
              1371328485
            ],
            [
              2.2,
              1371328500
            ],
            [
              0.7,
              1371328515
            ],
            [
              1.3,
              1371328530
            ],
            [
              2.5,
              1371328545
            ],
            [
              1.96666666667,
              1371328560
            ],
            [
              0.9,
              1371328575
            ],
            [
              1.3,
              1371328590
            ],
            [
              1.97333333333,
              1371328605
            ],
            [
              0.8,
              1371328620
            ],
            [
              0.8,
              1371328635
            ],
            [
              1.33333333333,
              1371328650
            ],
            [
              1.83333333333,
              1371328665
            ],
            [
              0.7,
              1371328680
            ],
            [
              0.7,
              1371328695
            ],
            [
              1.18,
              1371328710
            ],
            [
              2.02,
              1371328725
            ],
            [
              0.7,
              1371328740
            ],
            [
              0.7,
              1371328755
            ],
            [
              1.08,
              1371328770
            ],
            [
              2.34,
              1371328785
            ],
            [
              1.3,
              1371328800
            ],
            [
              1.3,
              1371328815
            ],
            [
              1.42,
              1371328830
            ],
            [
              1.9,
              1371328845
            ],
            [
              1.9,
              1371328860
            ],
            [
              1.64,
              1371328875
            ],
            [
              1.13333333333,
              1371328890
            ],
            [
              2.17333333333,
              1371328905
            ],
            [
              1.0,
              1371328920
            ],
            [
              1.0,
              1371328935
            ],
            [
              1.5,
              1371328950
            ],
            [
              2.5,
              1371328965
            ],
            [
              2.5,
              1371328980
            ],
            [
              1.86,
              1371328995
            ],
            [
              2.86,
              1371329010
            ],
            [
              5.8,
              1371329025
            ],
            [
              4.23333333333,
              1371329040
            ],
            [
              1.1,
              1371329055
            ],
            [
              1.86,
              1371329070
            ],
            [
              3.0,
              1371329085
            ],
            [
              2.08,
              1371329100
            ],
            [
              0.7,
              1371329115
            ],
            [
              1.4,
              1371329130
            ],
            [
              2.8,
              1371329145
            ],
            [
              2.13333333333,
              1371329160
            ],
            [
              0.8,
              1371329175
            ],
            [
              1.28,
              1371329190
            ],
            [
              2.0,
              1371329205
            ],
            [
              2.0,
              1371329220
            ],
            [
              2.0,
              1371329235
            ],
            [
              2.33333333333,
              1371329250
            ],
            [
              3.0,
              1371329265
            ],
            [
              3.0,
              1371329280
            ],
            [
              2.08,
              1371329295
            ],
            [
              1.58,
              1371329310
            ],
            [
              2.9,
              1371329325
            ],
            [
              1.92,
              1371329340
            ],
            [
              0.8,
              1371329355
            ],
            [
              1.52,
              1371329370
            ],
            [
              2.6,
              1371329385
            ],
            [
              1.88,
              1371329400
            ],
            [
              0.8,
              1371329415
            ],
            [
              1.68,
              1371329430
            ],
            [
              3.0,
              1371329445
            ],
            [
              2.16,
              1371329460
            ],
            [
              0.9,
              1371329475
            ],
            [
              1.46,
              1371329490
            ],
            [
              2.3,
              1371329505
            ],
            [
              1.6,
              1371329520
            ],
            [
              0.8,
              1371329535
            ],
            [
              1.5,
              1371329550
            ],
            [
              2.3,
              1371329565
            ],
            [
              1.44666666667,
              1371329580
            ],
            [
              0.7,
              1371329595
            ],
            [
              1.71333333333,
              1371329610
            ],
            [
              2.6,
              1371329625
            ],
            [
              1.58666666667,
              1371329640
            ],
            [
              0.7,
              1371329655
            ],
            [
              0.7,
              1371329670
            ],
            [
              0.7,
              1371329685
            ],
            [
              0.7,
              1371329700
            ],
            [
              0.7,
              1371329715
            ],
            [
              1.07333333333,
              1371329730
            ],
            [
              1.4,
              1371329745
            ],
            [
              1.22,
              1371329760
            ],
            [
              1.1,
              1371329775
            ],
            [
              1.1,
              1371329790
            ],
            [
              2.03333333333,
              1371329805
            ],
            [
              1.56666666667,
              1371329820
            ],
            [
              1.1,
              1371329835
            ],
            [
              1.1,
              1371329850
            ],
            [
              1.98,
              1371329865
            ],
            [
              1.49333333333,
              1371329880
            ],
            [
              1.2,
              1371329895
            ],
            [
              1.2,
              1371329910
            ],
            [
              2.16,
              1371329925
            ],
            [
              1.52,
              1371329940
            ],
            [
              1.3,
              1371329955
            ],
            [
              1.3,
              1371329970
            ],
            [
              2.6,
              1371329985
            ],
            [
              1.06666666667,
              1371330000
            ],
            [
              0.8,
              1371330015
            ],
            [
              0.8,
              1371330030
            ],
            [
              2.53333333333,
              1371330045
            ],
            [
              1.15333333333,
              1371330060
            ],
            [
              0.9,
              1371330075
            ],
            [
              0.9,
              1371330090
            ],
            [
              2.02,
              1371330105
            ],
            [
              2.1,
              1371330120
            ],
            [
              2.1,
              1371330135
            ],
            [
              2.1,
              1371330150
            ],
            [
              2.66,
              1371330165
            ],
            [
              1.33333333333,
              1371330180
            ],
            [
              0.8,
              1371330195
            ],
            [
              0.8,
              1371330210
            ],
            [
              2.48,
              1371330225
            ],
            [
              1.50666666667,
              1371330240
            ],
            [
              1.0,
              1371330255
            ],
            [
              2.53333333333,
              1371330270
            ],
            [
              3.3,
              1371330285
            ],
            [
              1.76666666667,
              1371330300
            ],
            [
              1.0,
              1371330315
            ],
            [
              2.08,
              1371330330
            ]
          ]
        }
      }
    }
  ]
}
