{
  "href" : "http://ec2-54-226-143-119.compute-1.amazonaws.com:8080/api/v1/clusters/fc/services/FLUME/components/FLUME_HANDLER?fields=host_components/metrics/jvm/gcTimeMillis[1371324108,1371327708,15]&_=1371327708325",
  "ServiceComponentInfo" : {
    "cluster_name" : "fc",
    "component_name" : "FLUME_HANDLER",
    "service_name" : "FLUME"
  },
  "host_components" : [
    {
      "href" : "http://ec2-54-226-143-119.compute-1.amazonaws.com:8080/api/v1/clusters/fc/hosts/ip-10-204-21-198.ec2.internal/host_components/FLUME_HANDLER",
      "HostRoles" : {
        "cluster_name" : "fc",
        "component_name" : "FLUME_HANDLER",
        "host_name" : "ip-10-204-21-198.ec2.internal"
      },
      "metrics" : {
        "jvm" : {
          "gcTimeMillis" : [
            [
              5.3687143875E7,
              1371324105
            ],
            [
              2.32644005096E8,
              1371324120
            ],
            [
              5.36871526286E7,
              1371324135
            ],
            [
              2.32643999724E8,
              1371324150
            ],
            [
              3.81775552267E7,
              1371324165
            ],
            [
              2.48153598018E8,
              1371324180
            ],
            [
              3.81775562044E7,
              1371324195
            ],
            [
              2.4815359712E8,
              1371324210
            ],
            [
              4.09045200686E7,
              1371324225
            ],
            [
              2.45426639691E8,
              1371324240
            ],
            [
              5.72662891733E7,
              1371324255
            ],
            [
              2.2906486412E8,
              1371324270
            ],
            [
              5.72662898533E7,
              1371324285
            ],
            [
              2.29064865354E8,
              1371324300
            ],
            [
              3.81775663569E7,
              1371324315
            ],
            [
              2.48153564822E8,
              1371324330
            ],
            [
              100.457777778,
              1371324345
            ],
            [
              1.90900494889E7,
              1371324360
            ],
            [
              2.6724100312E8,
              1371324375
            ],
            [
              16.6133333333,
              1371324390
            ],
            [
              4.09045406248E7,
              1371324405
            ],
            [
              2.45426619504E8,
              1371324420
            ],
            [
              3.81775728317E7,
              1371324435
            ],
            [
              2.48153574789E8,
              1371324450
            ],
            [
              5.36871766464E7,
              1371324465
            ],
            [
              2.32643975543E8,
              1371324480
            ],
            [
              3.81775825333E7,
              1371324495
            ],
            [
              2.48153571018E8,
              1371324510
            ],
            [
              3.57914922311E7,
              1371324525
            ],
            [
              2.505396432E8,
              1371324540
            ],
            [
              755.666666667,
              1371324555
            ],
            [
              755.666666667,
              1371324570
            ],
            [
              2.86329641733E8,
              1371324585
            ],
            [
              0.0,
              1371324600
            ],
            [
              0.0,
              1371324615
            ],
            [
              10.2142857143,
              1371324630
            ],
            [
              304.302380952,
              1371324645
            ],
            [
              1.90898431456E7,
              1371324660
            ],
            [
              2.67241096458E8,
              1371324675
            ],
            [
              1.90900572311E7,
              1371324690
            ],
            [
              1.33621256458E8,
              1371324705
            ],
            [
              1.33621256458E8,
              1371324720
            ],
            [
              2.86329634933E8,
              1371324735
            ],
            [
              0.0,
              1371324750
            ],
            [
              101.297777778,
              1371324765
            ],
            [
              1.90900604089E7,
              1371324780
            ],
            [
              2.67241092716E8,
              1371324795
            ],
            [
              1.909006116E7,
              1371324810
            ],
            [
              2.67241093489E8,
              1371324825
            ],
            [
              1.90900817289E7,
              1371324840
            ],
            [
              2.67241071373E8,
              1371324855
            ],
            [
              1.43165525047E8,
              1371324870
            ],
            [
              1.43165525047E8,
              1371324885
            ],
            [
              1545.13333333,
              1371324900
            ],
            [
              2.684341835E8,
              1371324915
            ],
            [
              1.78969699667E7,
              1371324930
            ],
            [
              2.68434007062E8,
              1371324945
            ],
            [
              1.78971455108E7,
              1371324960
            ],
            [
              2.67240974849E8,
              1371324975
            ],
            [
              1.90903189111E7,
              1371324990
            ],
            [
              2.68433875625E8,
              1371325005
            ],
            [
              1.78957719661E7,
              1371325020
            ],
            [
              2.67242242147E8,
              1371325035
            ],
            [
              1.90903045111E7,
              1371325050
            ],
            [
              2.67240948098E8,
              1371325065
            ],
            [
              1.90902052178E7,
              1371325080
            ],
            [
              2.67240947867E8,
              1371325095
            ],
            [
              1.90902055111E7,
              1371325110
            ],
            [
              2.50538395383E8,
              1371325125
            ],
            [
              3.57913755017E7,
              1371325140
            ],
            [
              2.48153503338E8,
              1371325155
            ],
            [
              3.81776391772E7,
              1371325170
            ],
            [
              2.29064785498E8,
              1371325185
            ],
            [
              5.72661858933E7,
              1371325200
            ],
            [
              0.0,
              1371325215
            ],
            [
              184.533333333,
              1371325230
            ],
            [
              2.14748238133E8,
              1371325245
            ],
            [
              7.15827306667E7,
              1371325260
            ],
            [
              1237.81777778,
              1371325275
            ],
            [
              2.09975391213E8,
              1371325290
            ],
            [
              7.63545240356E7,
              1371325305
            ],
            [
              0.0,
              1371325320
            ],
            [
              1238.20888889,
              1371325335
            ],
            [
              2.24973601015E8,
              1371325350
            ],
            [
              6.13563138429E7,
              1371325365
            ],
            [
              208.32,
              1371325380
            ],
            [
              2.29064766213E8,
              1371325395
            ],
            [
              5.72663889867E7,
              1371325410
            ],
            [
              2.14748220113E8,
              1371325425
            ],
            [
              7.15827225E7,
              1371325440
            ],
            [
              1244.56444444,
              1371325455
            ],
            [
              1.96851953523E8,
              1371325470
            ],
            [
              8.94791674077E7,
              1371325485
            ],
            [
              2.09975419127E8,
              1371325500
            ],
            [
              7.63557664178E7,
              1371325515
            ],
            [
              2.09975611738E8,
              1371325530
            ],
            [
              7.63556232578E7,
              1371325545
            ],
            [
              1.96851871439E8,
              1371325560
            ],
            [
              8.94791676012E7,
              1371325575
            ],
            [
              1.96851985528E8,
              1371325590
            ],
            [
              8.94790868625E7,
              1371325605
            ],
            [
              1.90886869311E8,
              1371325620
            ],
            [
              9.54442839333E7,
              1371325635
            ],
            [
              2.04521605156E8,
              1371325650
            ],
            [
              8.18096612889E7,
              1371325665
            ],
            [
              2.09975386204E8,
              1371325680
            ],
            [
              7.63557670578E7,
              1371325695
            ],
            [
              2.0997538608E8,
              1371325710
            ],
            [
              7.63556908606E7,
              1371325725
            ],
            [
              1.90886832775E8,
              1371325740
            ],
            [
              9.54442854222E7,
              1371325755
            ],
            [
              1.90886867933E8,
              1371325770
            ],
            [
              9.54443663397E7,
              1371325785
            ],
            [
              2.09975416829E8,
              1371325800
            ],
            [
              7.63556908172E7,
              1371325815
            ],
            [
              1.90886832303E8,
              1371325830
            ],
            [
              9.54442854667E7,
              1371325845
            ],
            [
              1.90886867689E8,
              1371325860
            ],
            [
              9.54442145833E7,
              1371325875
            ],
            [
              1.7179830859E8,
              1371325890
            ],
            [
              1.14532802053E8,
              1371325905
            ],
            [
              1.7179835112E8,
              1371325920
            ],
            [
              1.14532802147E8,
              1371325935
            ],
            [
              1.84069613159E8,
              1371325950
            ],
            [
              1.02261653725E8,
              1371325965
            ],
            [
              1.90886867556E8,
              1371325980
            ],
            [
              9.54442858222E7,
              1371325995
            ],
            [
              1.90886867333E8,
              1371326010
            ],
            [
              9.54442859111E7,
              1371326025
            ],
            [
              1.90886867244E8,
              1371326040
            ],
            [
              9.5444286E7,
              1371326055
            ],
            [
              1.90886867156E8,
              1371326070
            ],
            [
              9.54443683714E7,
              1371326085
            ],
            [
              2.09975415069E8,
              1371326100
            ],
            [
              7.63556924725E7,
              1371326115
            ],
            [
              1.9088683091E8,
              1371326130
            ],
            [
              9.54442867333E7,
              1371326145
            ],
            [
              2.0452160193E8,
              1371326160
            ],
            [
              8.18096651276E7,
              1371326175
            ],
            [
              1.96851949287E8,
              1371326190
            ],
            [
              8.94790901444E7,
              1371326205
            ],
            [
              1.90886866222E8,
              1371326220
            ],
            [
              9.54442162833E7,
              1371326235
            ],
            [
              1.84069569364E8,
              1371326250
            ],
            [
              1.02261655063E8,
              1371326265
            ],
            [
              1.90886865822E8,
              1371326280
            ],
            [
              9.54442874222E7,
              1371326295
            ],
            [
              2.04521601168E8,
              1371326310
            ],
            [
              8.18096660229E7,
              1371326325
            ],
            [
              2.09975381289E8,
              1371326340
            ],
            [
              7.63545183644E7,
              1371326355
            ],
            [
              257.813333333,
              1371326370
            ],
            [
              2.14748187553E8,
              1371326385
            ],
            [
              7.15827077E7,
              1371326400
            ],
            [
              0.0,
              1371326415
            ],
            [
              0.0,
              1371326430
            ],
            [
              0.0,
              1371326445
            ],
            [
              253.20952381,
              1371326460
            ],
            [
              2.29064733697E8,
              1371326475
            ],
            [
              5.726616616E7,
              1371326490
            ],
            [
              1271.30666667,
              1371326505
            ],
            [
              2.09975369902E8,
              1371326520
            ],
            [
              7.635578336E7,
              1371326535
            ],
            [
              2.09975369778E8,
              1371326550
            ],
            [
              7.63557834844E7,
              1371326565
            ],
            [
              2.09975369653E8,
              1371326580
            ],
            [
              7.63545117156E7,
              1371326595
            ],
            [
              257.813333333,
              1371326610
            ],
            [
              2.45426490853E8,
              1371326625
            ],
            [
              4.09046836978E7,
              1371326640
            ],
            [
              2.32643842994E8,
              1371326655
            ],
            [
              5.3687030775E7,
              1371326670
            ],
            [
              1275.51111111,
              1371326685
            ],
            [
              1.96851936681E8,
              1371326700
            ],
            [
              8.94791010528E7,
              1371326715
            ],
            [
              1.90886855956E8,
              1371326730
            ],
            [
              9.54442973333E7,
              1371326745
            ],
            [
              1.90886855844E8,
              1371326760
            ],
            [
              9.54442974E7,
              1371326775
            ],
            [
              1.90886855756E8,
              1371326790
            ],
            [
              9.54443803048E7,
              1371326805
            ],
            [
              2.09975400446E8,
              1371326820
            ],
            [
              7.63557859422E7,
              1371326835
            ],
            [
              2.09975367196E8,
              1371326850
            ],
            [
              7.63545103111E7,
              1371326865
            ],
            [
              256.853333333,
              1371326880
            ],
            [
              2.29064729813E8,
              1371326895
            ],
            [
              5.72664416E7,
              1371326910
            ],
            [
              2.481534336E8,
              1371326925
            ],
            [
              3.81777051333E7,
              1371326940
            ],
            [
              2.45426487629E8,
              1371326955
            ],
            [
              4.09046828292E7,
              1371326970
            ],
            [
              2.48153430542E8,
              1371326985
            ],
            [
              3.81777225244E7,
              1371327000
            ],
            [
              2.48153430542E8,
              1371327015
            ],
            [
              3.81777226978E7,
              1371327030
            ],
            [
              2.48153430396E8,
              1371327045
            ],
            [
              3.81777052692E7,
              1371327060
            ],
            [
              2.14748184088E8,
              1371327075
            ],
            [
              7.158270795E7,
              1371327090
            ],
            [
              0.0,
              1371327105
            ],
            [
              257.013333333,
              1371327120
            ],
            [
              64.2533333333,
              1371327135
            ],
            [
              0.0,
              1371327150
            ],
            [
              2.1474812385E8,
              1371327165
            ],
            [
              7.158270795E7,
              1371327180
            ],
            [
              0.0,
              1371327195
            ],
            [
              0.0,
              1371327210
            ],
            [
              0.0,
              1371327225
            ],
            [
              0.0,
              1371327240
            ],
            [
              1287.78222222,
              1371327255
            ],
            [
              2.09975359418E8,
              1371327270
            ],
            [
              7.63557991244E7,
              1371327285
            ],
            [
              2.09975355933E8,
              1371327300
            ],
            [
              7.63545038756E7,
              1371327315
            ],
            [
              0.0,
              1371327330
            ],
            [
              1323.2,
              1371327345
            ],
            [
              2.09975326187E8,
              1371327360
            ],
            [
              7.635450368E7,
              1371327375
            ],
            [
              1392.4952381,
              1371327390
            ],
            [
              379.824761905,
              1371327405
            ],
            [
              2.14747035563E8,
              1371327420
            ],
            [
              7.15823451833E7,
              1371327435
            ],
            [
              257.173333333,
              1371327450
            ],
            [
              64.2933333333,
              1371327465
            ]
          ]
        }
      }
    },
    {
      "href" : "http://ec2-54-226-143-119.compute-1.amazonaws.com:8080/api/v1/clusters/fc/hosts/ip-10-38-6-229.ec2.internal/host_components/FLUME_HANDLER",
      "HostRoles" : {
        "cluster_name" : "fc",
        "component_name" : "FLUME_HANDLER",
        "host_name" : "ip-10-38-6-229.ec2.internal"
      },
      "metrics" : {
        "jvm" : {
          "gcTimeMillis" : [
            [
              5.368807218E7,
              1371324105
            ],
            [
              2.32642989462E8,
              1371324120
            ],
            [
              1373.42142857,
              1371324135
            ],
            [
              0.554444444444,
              1371324150
            ],
            [
              3.81772752622E7,
              1371324165
            ],
            [
              2.48152489022E8,
              1371324180
            ],
            [
              3.81786645644E7,
              1371324195
            ],
            [
              2.48152488573E8,
              1371324210
            ],
            [
              4.0905613021E7,
              1371324225
            ],
            [
              2.45425647232E8,
              1371324240
            ],
            [
              5.72672164933E7,
              1371324255
            ],
            [
              2.29064024147E8,
              1371324270
            ],
            [
              5.72671079333E7,
              1371324285
            ],
            [
              2.29063937813E8,
              1371324300
            ],
            [
              1307.06666667,
              1371324315
            ],
            [
              3.579120895E7,
              1371324330
            ],
            [
              2.50538555877E8,
              1371324345
            ],
            [
              1.90900345244E7,
              1371324360
            ],
            [
              2.67241128097E8,
              1371324375
            ],
            [
              1381.24571429,
              1371324390
            ],
            [
              4.09042204114E7,
              1371324405
            ],
            [
              2.45425623691E8,
              1371324420
            ],
            [
              3.81785819375E7,
              1371324435
            ],
            [
              2.48152499314E8,
              1371324450
            ],
            [
              5.36881714232E7,
              1371324465
            ],
            [
              2.32642966334E8,
              1371324480
            ],
            [
              1398.45777778,
              1371324495
            ],
            [
              0.44,
              1371324510
            ],
            [
              0.281111111111,
              1371324525
            ],
            [
              1.90886461456E7,
              1371324540
            ],
            [
              1.33621253936E8,
              1371324555
            ],
            [
              1.33621253936E8,
              1371324570
            ],
            [
              2.86329792262E8,
              1371324585
            ],
            [
              3.57925724714E7,
              1371324600
            ],
            [
              2.50538574716E8,
              1371324615
            ],
            [
              1368.0368254,
              1371324630
            ],
            [
              0.372619047619,
              1371324645
            ],
            [
              1.90886468972E7,
              1371324660
            ],
            [
              2.6724114188E8,
              1371324675
            ],
            [
              1.90900119822E7,
              1371324690
            ],
            [
              1.33621253858E8,
              1371324705
            ],
            [
              1.33621253858E8,
              1371324720
            ],
            [
              2.86329787773E8,
              1371324735
            ],
            [
              1.909001204E7,
              1371324750
            ],
            [
              2.67241141756E8,
              1371324765
            ],
            [
              1.90900119778E7,
              1371324780
            ],
            [
              2.67241141956E8,
              1371324795
            ],
            [
              1.90900145911E7,
              1371324810
            ],
            [
              2.67241139369E8,
              1371324825
            ],
            [
              1.90900149067E7,
              1371324840
            ],
            [
              2.67241138573E8,
              1371324855
            ],
            [
              1.43165528396E8,
              1371324870
            ],
            [
              1.43165528396E8,
              1371324885
            ],
            [
              1466.66666667,
              1371324900
            ],
            [
              0.5,
              1371324915
            ],
            [
              0.433333333333,
              1371324930
            ],
            [
              2.68434081E8,
              1371324945
            ],
            [
              1.78969746622E7,
              1371324960
            ],
            [
              2.67241138569E8,
              1371324975
            ],
            [
              1.90901133689E7,
              1371324990
            ],
            [
              2.68434080688E8,
              1371325005
            ],
            [
              1.78969753258E7,
              1371325020
            ],
            [
              2.67241137809E8,
              1371325035
            ],
            [
              1.90900169022E7,
              1371325050
            ],
            [
              2.67241137151E8,
              1371325065
            ],
            [
              1.90900166E7,
              1371325080
            ],
            [
              2.67241136947E8,
              1371325095
            ],
            [
              1.90900168356E7,
              1371325110
            ],
            [
              2.50538571909E8,
              1371325125
            ],
            [
              3.57924838156E7,
              1371325140
            ],
            [
              2.48152445742E8,
              1371325155
            ],
            [
              3.81785975922E7,
              1371325170
            ],
            [
              306.87,
              1371325185
            ],
            [
              2.1474726313E8,
              1371325200
            ],
            [
              7.15835761214E7,
              1371325215
            ],
            [
              315.241904762,
              1371325230
            ],
            [
              0.453333333333,
              1371325245
            ],
            [
              2.09975101E8,
              1371325260
            ],
            [
              7.63556605733E7,
              1371325275
            ],
            [
              392.404444444,
              1371325290
            ],
            [
              0.350793650794,
              1371325305
            ],
            [
              2.14747263871E8,
              1371325320
            ],
            [
              7.158349824E7,
              1371325335
            ],
            [
              391.836190476,
              1371325350
            ],
            [
              0.32380952381,
              1371325365
            ],
            [
              0.28,
              1371325380
            ],
            [
              0.426666666667,
              1371325395
            ],
            [
              0.253333333333,
              1371325410
            ],
            [
              0.34,
              1371325425
            ],
            [
              2.09975103118E8,
              1371325440
            ],
            [
              7.63556593022E7,
              1371325455
            ],
            [
              1.96852050676E8,
              1371325470
            ],
            [
              8.94790773185E7,
              1371325485
            ],
            [
              2.09975521557E8,
              1371325500
            ],
            [
              7.63556603289E7,
              1371325515
            ],
            [
              392.195555556,
              1371325530
            ],
            [
              0.266666666667,
              1371325545
            ],
            [
              1.96851658142E8,
              1371325560
            ],
            [
              8.94790757768E7,
              1371325575
            ],
            [
              1.96852078144E8,
              1371325590
            ],
            [
              8.94790061417E7,
              1371325605
            ],
            [
              1.908869462E8,
              1371325620
            ],
            [
              9.54442076222E7,
              1371325635
            ],
            [
              2.04521692616E8,
              1371325650
            ],
            [
              8.18095594063E7,
              1371325665
            ],
            [
              2.0997549276E8,
              1371325680
            ],
            [
              7.63556607956E7,
              1371325695
            ],
            [
              2.09975492644E8,
              1371325710
            ],
            [
              7.63555949181E7,
              1371325725
            ],
            [
              1.90886913549E8,
              1371325740
            ],
            [
              9.54442092222E7,
              1371325755
            ],
            [
              1.90886944044E8,
              1371325770
            ],
            [
              9.54442795937E7,
              1371325785
            ],
            [
              2.09975518886E8,
              1371325800
            ],
            [
              7.63555951881E7,
              1371325815
            ],
            [
              461.154166667,
              1371325830
            ],
            [
              0.377777777778,
              1371325845
            ],
            [
              1.90886451667E8,
              1371325860
            ],
            [
              9.54441484222E7,
              1371325875
            ],
            [
              1.7179835968E8,
              1371325890
            ],
            [
              1.1453275676E8,
              1371325905
            ],
            [
              1.71798396533E8,
              1371325920
            ],
            [
              1.14532757E8,
              1371325935
            ],
            [
              1.84069668174E8,
              1371325950
            ],
            [
              1.0226158383E8,
              1371325965
            ],
            [
              1.90886942689E8,
              1371325980
            ],
            [
              9.54442106444E7,
              1371325995
            ],
            [
              1.90886942556E8,
              1371326010
            ],
            [
              9.54442108222E7,
              1371326025
            ],
            [
              1.90886942489E8,
              1371326040
            ],
            [
              9.54442111556E7,
              1371326055
            ],
            [
              1.90886942178E8,
              1371326070
            ],
            [
              9.54442817746E7,
              1371326085
            ],
            [
              2.0997551635E8,
              1371326100
            ],
            [
              7.63555974353E7,
              1371326115
            ],
            [
              1.90886910951E8,
              1371326130
            ],
            [
              9.54442116222E7,
              1371326145
            ],
            [
              2.04521687994E8,
              1371326160
            ],
            [
              8.18095643486E7,
              1371326175
            ],
            [
              1.96852044142E8,
              1371326190
            ],
            [
              8.94790104931E7,
              1371326205
            ],
            [
              1.90886941267E8,
              1371326220
            ],
            [
              9.54441504944E7,
              1371326235
            ],
            [
              1.84069629721E8,
              1371326250
            ],
            [
              1.02261585673E8,
              1371326265
            ],
            [
              1.90886940844E8,
              1371326280
            ],
            [
              9.54442126667E7,
              1371326295
            ],
            [
              2.0452168673E8,
              1371326310
            ],
            [
              8.18095656343E7,
              1371326325
            ],
            [
              2.09975486009E8,
              1371326340
            ],
            [
              7.63557453568E7,
              1371326355
            ],
            [
              318.474285714,
              1371326370
            ],
            [
              0.29,
              1371326385
            ],
            [
              0.188095238095,
              1371326400
            ],
            [
              2.29063589042E8,
              1371326415
            ],
            [
              5.7266042E7,
              1371326430
            ],
            [
              1153.48666667,
              1371326445
            ],
            [
              372.59047619,
              1371326460
            ],
            [
              0.309523809524,
              1371326475
            ],
            [
              2.14747247167E8,
              1371326490
            ],
            [
              7.15835090511E7,
              1371326505
            ],
            [
              2.09975483293E8,
              1371326520
            ],
            [
              7.63556703644E7,
              1371326535
            ],
            [
              2.09975482898E8,
              1371326550
            ],
            [
              7.63556705111E7,
              1371326565
            ],
            [
              2.0997548268E8,
              1371326580
            ],
            [
              7.63557494784E7,
              1371326595
            ],
            [
              320.17047619,
              1371326610
            ],
            [
              2.45425267482E8,
              1371326625
            ],
            [
              4.09056627892E7,
              1371326640
            ],
            [
              223.586388889,
              1371326655
            ],
            [
              2.14747244312E8,
              1371326670
            ],
            [
              7.15835109856E7,
              1371326685
            ],
            [
              1.96852038644E8,
              1371326700
            ],
            [
              8.94790151208E7,
              1371326715
            ],
            [
              1.90886936911E8,
              1371326730
            ],
            [
              9.54442164222E7,
              1371326745
            ],
            [
              1.90886936911E8,
              1371326760
            ],
            [
              9.54442165778E7,
              1371326775
            ],
            [
              1.90886936667E8,
              1371326790
            ],
            [
              9.54442885016E7,
              1371326805
            ],
            [
              2.09975508681E8,
              1371326820
            ],
            [
              7.63556733467E7,
              1371326835
            ],
            [
              2.0997547988E8,
              1371326850
            ],
            [
              7.6355752226E7,
              1371326865
            ],
            [
              321.302857143,
              1371326880
            ],
            [
              0.306666666667,
              1371326895
            ],
            [
              0.238095238095,
              1371326910
            ],
            [
              2.48152209384E8,
              1371326925
            ],
            [
              3.81786290069E7,
              1371326940
            ],
            [
              2.4542557678E8,
              1371326955
            ],
            [
              4.09056679327E7,
              1371326970
            ],
            [
              2.48152432573E8,
              1371326985
            ],
            [
              3.81787208978E7,
              1371327000
            ],
            [
              224.493333333,
              1371327015
            ],
            [
              0.257777777778,
              1371327030
            ],
            [
              2.48152207542E8,
              1371327045
            ],
            [
              3.817863051E7,
              1371327060
            ],
            [
              315.95,
              1371327075
            ],
            [
              2.09975077451E8,
              1371327090
            ],
            [
              7.63557546679E7,
              1371327105
            ],
            [
              322.220952381,
              1371327120
            ],
            [
              2.29063574427E8,
              1371327135
            ],
            [
              5.72672420267E7,
              1371327150
            ],
            [
              337.456666667,
              1371327165
            ],
            [
              2.09975076001E8,
              1371327180
            ],
            [
              7.63556773022E7,
              1371327195
            ],
            [
              2.24973695828E8,
              1371327210
            ],
            [
              6.1357557999E7,
              1371327225
            ],
            [
              2.14747536453E8,
              1371327240
            ],
            [
              7.15835166222E7,
              1371327255
            ],
            [
              2.09975475804E8,
              1371327270
            ],
            [
              7.63556776044E7,
              1371327285
            ],
            [
              2.09975475587E8,
              1371327300
            ],
            [
              7.63557568441E7,
              1371327315
            ],
            [
              2.29064039391E8,
              1371327330
            ],
            [
              5.726706023E7,
              1371327345
            ],
            [
              2.0997545005E8,
              1371327360
            ],
            [
              7.63556782578E7,
              1371327375
            ],
            [
              402.432698413,
              1371327390
            ],
            [
              0.309523809524,
              1371327405
            ],
            [
              2.14747233067E8,
              1371327420
            ],
            [
              7.1583597219E7,
              1371327435
            ],
            [
              323.674285714,
              1371327450
            ],
            [
              0.306666666667,
              1371327465
            ],
            [
              2.14747232167E8,
              1371327480
            ],
            [
              7.1583449375E7,
              1371327495
            ],
            [
              1.90886900436E8,
              1371327510
            ],
            [
              9.54442215778E7,
              1371327525
            ]
          ]
        }
      }
    }
  ]
}
