{
  "href" : "http://ec2-54-226-143-119.compute-1.amazonaws.com:8080/api/v1/clusters/fc/services/FLUME/components/FLUME_HANDLER?fields=host_components/metrics/jvm/memHeapUsedM[1371324108,1371327708,15]&_=1371327708327",
  "ServiceComponentInfo" : {
    "cluster_name" : "fc",
    "component_name" : "FLUME_HANDLER",
    "service_name" : "FLUME"
  },
  "host_components" : [
    {
      "href" : "http://ec2-54-226-143-119.compute-1.amazonaws.com:8080/api/v1/clusters/fc/hosts/ip-10-204-21-198.ec2.internal/host_components/FLUME_HANDLER",
      "HostRoles" : {
        "cluster_name" : "fc",
        "component_name" : "FLUME_HANDLER",
        "host_name" : "ip-10-204-21-198.ec2.internal"
      },
      "metrics" : {
        "jvm" : {
          "memHeapUsedM" : [
            [
              78.1681258,
              1371324105
            ],
            [
              111.377903533,
              1371324120
            ],
            [
              82.8455592,
              1371324135
            ],
            [
              116.108607333,
              1371324150
            ],
            [
              74.903907,
              1371324165
            ],
            [
              123.178337333,
              1371324180
            ],
            [
              85.5995726667,
              1371324195
            ],
            [
              127.273166,
              1371324210
            ],
            [
              76.922404,
              1371324225
            ],
            [
              128.986024,
              1371324240
            ],
            [
              88.25256,
              1371324255
            ],
            [
              133.951498,
              1371324270
            ],
            [
              88.773016,
              1371324285
            ],
            [
              138.858386,
              1371324300
            ],
            [
              83.0813366667,
              1371324315
            ],
            [
              162.723053333,
              1371324330
            ],
            [
              156.009557733,
              1371324345
            ],
            [
              30.5981842667,
              1371324360
            ],
            [
              172.255674,
              1371324375
            ],
            [
              161.787439333,
              1371324390
            ],
            [
              89.4428053333,
              1371324405
            ],
            [
              160.668606,
              1371324420
            ],
            [
              92.0550153333,
              1371324435
            ],
            [
              172.835781333,
              1371324450
            ],
            [
              98.595888,
              1371324465
            ],
            [
              177.902594,
              1371324480
            ],
            [
              69.6236303333,
              1371324495
            ],
            [
              45.9450994667,
              1371324510
            ],
            [
              69.8187925333,
              1371324525
            ],
            [
              48.4936453333,
              1371324540
            ],
            [
              36.8322068,
              1371324555
            ],
            [
              36.8322068,
              1371324570
            ],
            [
              59.5426487333,
              1371324585
            ],
            [
              63.0773766,
              1371324600
            ],
            [
              75.7276903333,
              1371324615
            ],
            [
              68.1715006667,
              1371324630
            ],
            [
              70.863226,
              1371324645
            ],
            [
              26.3044437333,
              1371324660
            ],
            [
              68.5981789333,
              1371324675
            ],
            [
              27.3317506667,
              1371324690
            ],
            [
              51.8951805333,
              1371324705
            ],
            [
              51.8951805333,
              1371324720
            ],
            [
              91.5490684,
              1371324735
            ],
            [
              93.4406496,
              1371324750
            ],
            [
              92.8471315333,
              1371324765
            ],
            [
              28.2306088,
              1371324780
            ],
            [
              98.802784,
              1371324795
            ],
            [
              28.143595,
              1371324810
            ],
            [
              104.954790267,
              1371324825
            ],
            [
              30.1968190667,
              1371324840
            ],
            [
              110.816372133,
              1371324855
            ],
            [
              76.3284516,
              1371324870
            ],
            [
              76.3284516,
              1371324885
            ],
            [
              23.129204,
              1371324900
            ],
            [
              74.970604,
              1371324915
            ],
            [
              27.5228036,
              1371324930
            ],
            [
              135.22772,
              1371324945
            ],
            [
              30.445924,
              1371324960
            ],
            [
              134.838786,
              1371324975
            ],
            [
              32.3908398667,
              1371324990
            ],
            [
              149.2184,
              1371325005
            ],
            [
              83.864776,
              1371325020
            ],
            [
              150.543264,
              1371325035
            ],
            [
              34.3334605333,
              1371325050
            ],
            [
              153.0117138,
              1371325065
            ],
            [
              34.2952793333,
              1371325080
            ],
            [
              157.818909667,
              1371325095
            ],
            [
              34.9843514667,
              1371325110
            ],
            [
              164.935747533,
              1371325125
            ],
            [
              89.7387673333,
              1371325140
            ],
            [
              167.380805333,
              1371325155
            ],
            [
              92.1686213333,
              1371325170
            ],
            [
              165.936872,
              1371325185
            ],
            [
              190.628282,
              1371325200
            ],
            [
              193.118944667,
              1371325215
            ],
            [
              103.352782,
              1371325230
            ],
            [
              49.4459776,
              1371325245
            ],
            [
              45.4354525333,
              1371325260
            ],
            [
              32.2176996,
              1371325275
            ],
            [
              46.2136870667,
              1371325290
            ],
            [
              53.44834,
              1371325305
            ],
            [
              58.4266328,
              1371325320
            ],
            [
              34.0844882667,
              1371325335
            ],
            [
              55.0167886667,
              1371325350
            ],
            [
              67.212098,
              1371325365
            ],
            [
              80.598438,
              1371325380
            ],
            [
              75.914634,
              1371325395
            ],
            [
              79.331058,
              1371325410
            ],
            [
              80.449409,
              1371325425
            ],
            [
              83.9717404,
              1371325440
            ],
            [
              40.5624759333,
              1371325455
            ],
            [
              73.6918266667,
              1371325470
            ],
            [
              46.5482606667,
              1371325485
            ],
            [
              78.3545986667,
              1371325500
            ],
            [
              44.5262906,
              1371325515
            ],
            [
              23.7317177333,
              1371325530
            ],
            [
              24.6747721333,
              1371325545
            ],
            [
              88.0776621333,
              1371325560
            ],
            [
              54.0120473333,
              1371325575
            ],
            [
              92.8335809333,
              1371325590
            ],
            [
              56.0007513333,
              1371325605
            ],
            [
              90.9632073333,
              1371325620
            ],
            [
              57.8602633333,
              1371325635
            ],
            [
              95.08905,
              1371325650
            ],
            [
              53.8819299333,
              1371325665
            ],
            [
              107.1404984,
              1371325680
            ],
            [
              55.9645435333,
              1371325695
            ],
            [
              111.9377488,
              1371325710
            ],
            [
              57.7291936,
              1371325725
            ],
            [
              108.532834667,
              1371325740
            ],
            [
              67.4756153333,
              1371325755
            ],
            [
              112.739571,
              1371325770
            ],
            [
              69.409158,
              1371325785
            ],
            [
              125.985714533,
              1371325800
            ],
            [
              62.0970252667,
              1371325815
            ],
            [
              120.980636333,
              1371325830
            ],
            [
              73.0382673333,
              1371325845
            ],
            [
              125.150732,
              1371325860
            ],
            [
              75.82808,
              1371325875
            ],
            [
              119.385626,
              1371325890
            ],
            [
              88.3913192,
              1371325905
            ],
            [
              123.2820548,
              1371325920
            ],
            [
              91.168734,
              1371325935
            ],
            [
              127.019878,
              1371325950
            ],
            [
              82.761062,
              1371325965
            ],
            [
              36.7246993333,
              1371325980
            ],
            [
              31.7993473333,
              1371325995
            ],
            [
              40.9434026667,
              1371326010
            ],
            [
              33.950264,
              1371326025
            ],
            [
              45.3879026667,
              1371326040
            ],
            [
              36.3533926667,
              1371326055
            ],
            [
              49.770328,
              1371326070
            ],
            [
              38.8680373333,
              1371326085
            ],
            [
              56.858326,
              1371326100
            ],
            [
              38.0654314,
              1371326115
            ],
            [
              58.3788523333,
              1371326130
            ],
            [
              42.6585973333,
              1371326145
            ],
            [
              62.5452553333,
              1371326160
            ],
            [
              41.7298544,
              1371326175
            ],
            [
              70.9773449333,
              1371326190
            ],
            [
              47.4993606667,
              1371326205
            ],
            [
              71.366952,
              1371326220
            ],
            [
              49.9643446667,
              1371326235
            ],
            [
              71.0857968,
              1371326250
            ],
            [
              49.5322533333,
              1371326265
            ],
            [
              78.8167926667,
              1371326280
            ],
            [
              51.8417486667,
              1371326295
            ],
            [
              83.1798986667,
              1371326310
            ],
            [
              48.533957,
              1371326325
            ],
            [
              93.855392,
              1371326340
            ],
            [
              120.0098684,
              1371326355
            ],
            [
              56.5149532,
              1371326370
            ],
            [
              109.785204,
              1371326385
            ],
            [
              65.3714697333,
              1371326400
            ],
            [
              115.6130452,
              1371326415
            ],
            [
              137.380034,
              1371326430
            ],
            [
              139.814556,
              1371326445
            ],
            [
              72.4853123333,
              1371326460
            ],
            [
              126.823723,
              1371326475
            ],
            [
              150.200774,
              1371326490
            ],
            [
              58.1163694667,
              1371326505
            ],
            [
              122.001200533,
              1371326520
            ],
            [
              60.3485893333,
              1371326535
            ],
            [
              126.895498667,
              1371326550
            ],
            [
              62.6113258667,
              1371326565
            ],
            [
              131.802717467,
              1371326580
            ],
            [
              171.733966667,
              1371326595
            ],
            [
              81.8056,
              1371326610
            ],
            [
              154.758033,
              1371326625
            ],
            [
              76.9364089333,
              1371326640
            ],
            [
              168.632983733,
              1371326655
            ],
            [
              188.742808,
              1371326670
            ],
            [
              71.40714,
              1371326685
            ],
            [
              34.906377,
              1371326700
            ],
            [
              30.6879783333,
              1371326715
            ],
            [
              38.2889176667,
              1371326730
            ],
            [
              32.4450833333,
              1371326745
            ],
            [
              42.368894,
              1371326760
            ],
            [
              34.367025,
              1371326775
            ],
            [
              46.5361433333,
              1371326790
            ],
            [
              37.1560896667,
              1371326805
            ],
            [
              53.4685934667,
              1371326820
            ],
            [
              37.3844642667,
              1371326835
            ],
            [
              58.3828306667,
              1371326850
            ],
            [
              71.6271050667,
              1371326865
            ],
            [
              55.7222424,
              1371326880
            ],
            [
              73.4335766,
              1371326895
            ],
            [
              59.2229496,
              1371326910
            ],
            [
              54.9946890667,
              1371326925
            ],
            [
              56.5260253333,
              1371326940
            ],
            [
              84.7262128,
              1371326955
            ],
            [
              63.4405406667,
              1371326970
            ],
            [
              91.8825676667,
              1371326985
            ],
            [
              65.683864,
              1371327000
            ],
            [
              61.4909406,
              1371327015
            ],
            [
              39.2976157333,
              1371327030
            ],
            [
              101.011201333,
              1371327045
            ],
            [
              47.1967170667,
              1371327060
            ],
            [
              101.3960504,
              1371327075
            ],
            [
              119.913156,
              1371327090
            ],
            [
              123.020122667,
              1371327105
            ],
            [
              57.29628,
              1371327120
            ],
            [
              41.10015,
              1371327135
            ],
            [
              42.72223,
              1371327150
            ],
            [
              117.981202,
              1371327165
            ],
            [
              140.021538667,
              1371327180
            ],
            [
              142.573894,
              1371327195
            ],
            [
              146.459210667,
              1371327210
            ],
            [
              149.12096,
              1371327225
            ],
            [
              153.19257,
              1371327240
            ],
            [
              60.7920896667,
              1371327255
            ],
            [
              124.902948,
              1371327270
            ],
            [
              62.7575668,
              1371327285
            ],
            [
              129.660381867,
              1371327300
            ],
            [
              168.237173333,
              1371327315
            ],
            [
              172.453872,
              1371327330
            ],
            [
              57.9799648,
              1371327345
            ],
            [
              139.5955876,
              1371327360
            ],
            [
              181.108792,
              1371327375
            ],
            [
              67.2863872667,
              1371327390
            ],
            [
              26.0668166,
              1371327405
            ],
            [
              159.2644272,
              1371327420
            ],
            [
              193.587219333,
              1371327435
            ],
            [
              69.606014,
              1371327450
            ],
            [
              38.9283352,
              1371327465
            ]
          ]
        }
      }
    },
    {
      "href" : "http://ec2-54-226-143-119.compute-1.amazonaws.com:8080/api/v1/clusters/fc/hosts/ip-10-38-6-229.ec2.internal/host_components/FLUME_HANDLER",
      "HostRoles" : {
        "cluster_name" : "fc",
        "component_name" : "FLUME_HANDLER",
        "host_name" : "ip-10-38-6-229.ec2.internal"
      },
      "metrics" : {
        "jvm" : {
          "memHeapUsedM" : [
            [
              22.9889892,
              1371324105
            ],
            [
              71.4599157333,
              1371324120
            ],
            [
              8.7825254,
              1371324135
            ],
            [
              9.43520533333,
              1371324150
            ],
            [
              19.7355075,
              1371324165
            ],
            [
              80.6003289333,
              1371324180
            ],
            [
              20.8215497333,
              1371324195
            ],
            [
              85.4837056,
              1371324210
            ],
            [
              22.0207414,
              1371324225
            ],
            [
              84.3966872,
              1371324240
            ],
            [
              23.9763708,
              1371324255
            ],
            [
              68.2872928,
              1371324270
            ],
            [
              30.2573132,
              1371324285
            ],
            [
              92.4667304,
              1371324300
            ],
            [
              9.69227626667,
              1371324315
            ],
            [
              20.0183688,
              1371324330
            ],
            [
              76.6750691,
              1371324345
            ],
            [
              15.3369267333,
              1371324360
            ],
            [
              77.3899601333,
              1371324375
            ],
            [
              9.67656213333,
              1371324390
            ],
            [
              27.1870352667,
              1371324405
            ],
            [
              108.8844756,
              1371324420
            ],
            [
              28.0663889333,
              1371324435
            ],
            [
              121.653376133,
              1371324450
            ],
            [
              36.6145848,
              1371324465
            ],
            [
              126.909941333,
              1371324480
            ],
            [
              9.76121946667,
              1371324495
            ],
            [
              10.2821293333,
              1371324510
            ],
            [
              9.8391246,
              1371324525
            ],
            [
              11.1863661333,
              1371324540
            ],
            [
              16.5351384,
              1371324555
            ],
            [
              16.5351384,
              1371324570
            ],
            [
              25.9538785333,
              1371324585
            ],
            [
              12.2255372,
              1371324600
            ],
            [
              20.5478249667,
              1371324615
            ],
            [
              11.1742457,
              1371324630
            ],
            [
              10.4684819,
              1371324645
            ],
            [
              12.8662014667,
              1371324660
            ],
            [
              36.40994,
              1371324675
            ],
            [
              12.8169104667,
              1371324690
            ],
            [
              20.4806218,
              1371324705
            ],
            [
              20.4806218,
              1371324720
            ],
            [
              45.6992668,
              1371324735
            ],
            [
              12.1541078667,
              1371324750
            ],
            [
              34.7699171333,
              1371324765
            ],
            [
              13.6665138667,
              1371324780
            ],
            [
              49.1291569333,
              1371324795
            ],
            [
              13.1492686667,
              1371324810
            ],
            [
              33.2151698667,
              1371324825
            ],
            [
              12.7537038667,
              1371324840
            ],
            [
              30.178725,
              1371324855
            ],
            [
              25.2890934,
              1371324870
            ],
            [
              25.2890934,
              1371324885
            ],
            [
              12.584106,
              1371324900
            ],
            [
              12.335587,
              1371324915
            ],
            [
              12.7450020667,
              1371324930
            ],
            [
              32.998047,
              1371324945
            ],
            [
              14.2540984667,
              1371324960
            ],
            [
              39.3056024667,
              1371324975
            ],
            [
              13.5310361333,
              1371324990
            ],
            [
              37.7118,
              1371325005
            ],
            [
              14.071568,
              1371325020
            ],
            [
              46.6408185333,
              1371325035
            ],
            [
              15.6325436667,
              1371325050
            ],
            [
              37.3634726667,
              1371325065
            ],
            [
              15.044088,
              1371325080
            ],
            [
              42.9008206667,
              1371325095
            ],
            [
              14.4107397333,
              1371325110
            ],
            [
              35.7156476,
              1371325125
            ],
            [
              16.3184308667,
              1371325140
            ],
            [
              91.4389910667,
              1371325155
            ],
            [
              24.2271926,
              1371325170
            ],
            [
              12.5030834,
              1371325185
            ],
            [
              34.7884022,
              1371325200
            ],
            [
              20.3647690667,
              1371325215
            ],
            [
              12.6261096,
              1371325230
            ],
            [
              13.1832018,
              1371325245
            ],
            [
              30.2036097333,
              1371325260
            ],
            [
              19.5721744,
              1371325275
            ],
            [
              31.248832,
              1371325290
            ],
            [
              20.4566781333,
              1371325305
            ],
            [
              36.9079072,
              1371325320
            ],
            [
              21.8481592667,
              1371325335
            ],
            [
              14.326347,
              1371325350
            ],
            [
              13.7506894,
              1371325365
            ],
            [
              12.8931398,
              1371325380
            ],
            [
              13.4863374,
              1371325395
            ],
            [
              13.7183382,
              1371325410
            ],
            [
              13.036742,
              1371325425
            ],
            [
              31.8161205333,
              1371325440
            ],
            [
              19.9371488667,
              1371325455
            ],
            [
              34.5881026,
              1371325470
            ],
            [
              23.2786003333,
              1371325485
            ],
            [
              31.0998614667,
              1371325500
            ],
            [
              20.2417152667,
              1371325515
            ],
            [
              13.3417826667,
              1371325530
            ],
            [
              13.7590406,
              1371325545
            ],
            [
              35.1045996667,
              1371325560
            ],
            [
              23.201383,
              1371325575
            ],
            [
              32.4370407333,
              1371325590
            ],
            [
              22.833209,
              1371325605
            ],
            [
              30.544855,
              1371325620
            ],
            [
              23.0148033333,
              1371325635
            ],
            [
              31.440473,
              1371325650
            ],
            [
              21.11519,
              1371325665
            ],
            [
              35.2712654,
              1371325680
            ],
            [
              22.4813742,
              1371325695
            ],
            [
              30.5308296,
              1371325710
            ],
            [
              20.2396785333,
              1371325725
            ],
            [
              30.4328946667,
              1371325740
            ],
            [
              22.717397,
              1371325755
            ],
            [
              32.4880146667,
              1371325770
            ],
            [
              24.2190273333,
              1371325785
            ],
            [
              36.1383182667,
              1371325800
            ],
            [
              22.101528,
              1371325815
            ],
            [
              15.026764,
              1371325830
            ],
            [
              14.833618,
              1371325845
            ],
            [
              30.980498,
              1371325860
            ],
            [
              23.577346,
              1371325875
            ],
            [
              31.3944212,
              1371325890
            ],
            [
              26.438432,
              1371325905
            ],
            [
              27.5682494,
              1371325920
            ],
            [
              23.2160582,
              1371325935
            ],
            [
              29.054477,
              1371325950
            ],
            [
              23.4971363333,
              1371325965
            ],
            [
              32.518712,
              1371325980
            ],
            [
              24.181984,
              1371325995
            ],
            [
              33.8588636667,
              1371326010
            ],
            [
              25.1847633333,
              1371326025
            ],
            [
              29.4721566667,
              1371326040
            ],
            [
              23.1559186667,
              1371326055
            ],
            [
              31.3633116667,
              1371326070
            ],
            [
              22.996938,
              1371326085
            ],
            [
              33.6700284,
              1371326100
            ],
            [
              22.0324232,
              1371326115
            ],
            [
              33.519716,
              1371326130
            ],
            [
              24.7177726667,
              1371326145
            ],
            [
              29.3428116667,
              1371326160
            ],
            [
              21.2875646,
              1371326175
            ],
            [
              32.1191834667,
              1371326190
            ],
            [
              23.4511846667,
              1371326205
            ],
            [
              32.4149503333,
              1371326220
            ],
            [
              24.5707753333,
              1371326235
            ],
            [
              32.4053438,
              1371326250
            ],
            [
              25.6575923333,
              1371326265
            ],
            [
              29.9313273333,
              1371326280
            ],
            [
              23.8290453333,
              1371326295
            ],
            [
              31.6248716667,
              1371326310
            ],
            [
              23.3104068667,
              1371326325
            ],
            [
              34.8013219333,
              1371326340
            ],
            [
              23.0204095333,
              1371326355
            ],
            [
              17.4940522,
              1371326370
            ],
            [
              16.8605254,
              1371326385
            ],
            [
              17.5489194,
              1371326400
            ],
            [
              133.0534466,
              1371326415
            ],
            [
              63.0520564,
              1371326430
            ],
            [
              21.2015078,
              1371326445
            ],
            [
              16.5313233333,
              1371326460
            ],
            [
              17.23551,
              1371326475
            ],
            [
              38.1686496,
              1371326490
            ],
            [
              24.6403729333,
              1371326505
            ],
            [
              31.3519751333,
              1371326520
            ],
            [
              22.8807902,
              1371326535
            ],
            [
              33.0100069333,
              1371326550
            ],
            [
              22.6727063333,
              1371326565
            ],
            [
              34.205082,
              1371326580
            ],
            [
              23.9616682667,
              1371326595
            ],
            [
              17.426384,
              1371326610
            ],
            [
              34.7338452,
              1371326625
            ],
            [
              21.0935881333,
              1371326640
            ],
            [
              17.4853481333,
              1371326655
            ],
            [
              34.1451308,
              1371326670
            ],
            [
              23.2594811333,
              1371326685
            ],
            [
              34.3357877333,
              1371326700
            ],
            [
              25.1703773333,
              1371326715
            ],
            [
              34.035868,
              1371326730
            ],
            [
              26.1617,
              1371326745
            ],
            [
              29.650805,
              1371326760
            ],
            [
              23.651372,
              1371326775
            ],
            [
              31.2541963333,
              1371326790
            ],
            [
              24.756495,
              1371326805
            ],
            [
              34.3997372,
              1371326820
            ],
            [
              24.4841464,
              1371326835
            ],
            [
              36.2167013333,
              1371326850
            ],
            [
              25.166712,
              1371326865
            ],
            [
              18.3559496,
              1371326880
            ],
            [
              18.821927,
              1371326895
            ],
            [
              18.7473892,
              1371326910
            ],
            [
              81.1669148,
              1371326925
            ],
            [
              28.4405738667,
              1371326940
            ],
            [
              81.2570632,
              1371326955
            ],
            [
              29.497956,
              1371326970
            ],
            [
              89.6129361333,
              1371326985
            ],
            [
              30.1737958667,
              1371327000
            ],
            [
              18.7878648667,
              1371327015
            ],
            [
              19.0277758,
              1371327030
            ],
            [
              98.7128221333,
              1371327045
            ],
            [
              31.2622499333,
              1371327060
            ],
            [
              19.2612858,
              1371327075
            ],
            [
              35.519091,
              1371327090
            ],
            [
              25.0397730667,
              1371327105
            ],
            [
              20.1565296,
              1371327120
            ],
            [
              105.0514952,
              1371327135
            ],
            [
              41.8363556,
              1371327150
            ],
            [
              20.1383144,
              1371327165
            ],
            [
              34.2849905333,
              1371327180
            ],
            [
              25.3355349333,
              1371327195
            ],
            [
              36.0925098667,
              1371327210
            ],
            [
              24.9884056,
              1371327225
            ],
            [
              32.647191,
              1371327240
            ],
            [
              23.8785024,
              1371327255
            ],
            [
              33.3063271333,
              1371327270
            ],
            [
              25.0950116,
              1371327285
            ],
            [
              34.9337622,
              1371327300
            ],
            [
              26.3226172667,
              1371327315
            ],
            [
              38.232721,
              1371327330
            ],
            [
              24.5134476,
              1371327345
            ],
            [
              31.7865381333,
              1371327360
            ],
            [
              24.7719952,
              1371327375
            ],
            [
              20.4410474667,
              1371327390
            ],
            [
              21.1114592,
              1371327405
            ],
            [
              36.5424968,
              1371327420
            ],
            [
              26.1813215333,
              1371327435
            ],
            [
              20.5459106,
              1371327450
            ],
            [
              20.787403,
              1371327465
            ],
            [
              38.5436888,
              1371327480
            ],
            [
              26.6730549333,
              1371327495
            ],
            [
              31.1149113333,
              1371327510
            ],
            [
              25.7824323333,
              1371327525
            ]
          ]
        }
      }
    }
  ]
}
