{
  "href" : "http://ec2-54-226-143-119.compute-1.amazonaws.com:8080/api/v1/clusters/fc/services/FLUME/components/FLUME_HANDLER?fields=host_components/metrics/jvm/threadsRunnable[1371324108,1371327708,15]&_=1371327708328",
  "ServiceComponentInfo" : {
    "cluster_name" : "fc",
    "component_name" : "FLUME_HANDLER",
    "service_name" : "FLUME"
  },
  "host_components" : [
    {
      "href" : "http://ec2-54-226-143-119.compute-1.amazonaws.com:8080/api/v1/clusters/fc/hosts/ip-10-204-21-198.ec2.internal/host_components/FLUME_HANDLER",
      "HostRoles" : {
        "cluster_name" : "fc",
        "component_name" : "FLUME_HANDLER",
        "host_name" : "ip-10-204-21-198.ec2.internal"
      },
      "metrics" : {
        "jvm" : {
          "threadsRunnable" : [
            [
              13.2,
              1371324105
            ],
            [
              17.0666666667,
              1371324120
            ],
            [
              12.4,
              1371324135
            ],
            [
              17.2,
              1371324150
            ],
            [
              12.8,
              1371324165
            ],
            [
              17.0666666667,
              1371324180
            ],
            [
              11.9333333333,
              1371324195
            ],
            [
              17.2,
              1371324210
            ],
            [
              12.8,
              1371324225
            ],
            [
              16.8,
              1371324240
            ],
            [
              13.2,
              1371324255
            ],
            [
              16.8,
              1371324270
            ],
            [
              13.2,
              1371324285
            ],
            [
              16.6,
              1371324300
            ],
            [
              11.9333333333,
              1371324315
            ],
            [
              18.0,
              1371324330
            ],
            [
              17.2,
              1371324345
            ],
            [
              6.8,
              1371324360
            ],
            [
              18.0,
              1371324375
            ],
            [
              17.0666666667,
              1371324390
            ],
            [
              11.9333333333,
              1371324405
            ],
            [
              17.0,
              1371324420
            ],
            [
              13.6666666667,
              1371324435
            ],
            [
              17.0666666667,
              1371324450
            ],
            [
              12.4,
              1371324465
            ],
            [
              17.3333333333,
              1371324480
            ],
            [
              13.6666666667,
              1371324495
            ],
            [
              17.3333333333,
              1371324510
            ],
            [
              13.6666666667,
              1371324525
            ],
            [
              18.0,
              1371324540
            ],
            [
              11.6,
              1371324555
            ],
            [
              11.6,
              1371324570
            ],
            [
              18.0,
              1371324585
            ],
            [
              17.2,
              1371324600
            ],
            [
              12.4,
              1371324615
            ],
            [
              17.6,
              1371324630
            ],
            [
              11.2,
              1371324645
            ],
            [
              6.33333333333,
              1371324660
            ],
            [
              10.6666666667,
              1371324675
            ],
            [
              6.8,
              1371324690
            ],
            [
              11.6,
              1371324705
            ],
            [
              11.6,
              1371324720
            ],
            [
              18.0,
              1371324735
            ],
            [
              18.0,
              1371324750
            ],
            [
              17.2,
              1371324765
            ],
            [
              6.8,
              1371324780
            ],
            [
              17.2,
              1371324795
            ],
            [
              6.8,
              1371324810
            ],
            [
              17.2,
              1371324825
            ],
            [
              6.8,
              1371324840
            ],
            [
              17.2,
              1371324855
            ],
            [
              12.4,
              1371324870
            ],
            [
              12.4,
              1371324885
            ],
            [
              6.0,
              1371324900
            ],
            [
              12.0,
              1371324915
            ],
            [
              6.4,
              1371324930
            ],
            [
              19.0,
              1371324945
            ],
            [
              6.86666666667,
              1371324960
            ],
            [
              10.6666666667,
              1371324975
            ],
            [
              6.33333333333,
              1371324990
            ],
            [
              18.0,
              1371325005
            ],
            [
              14.2666666667,
              1371325020
            ],
            [
              17.7333333333,
              1371325035
            ],
            [
              6.8,
              1371325050
            ],
            [
              17.2,
              1371325065
            ],
            [
              6.8,
              1371325080
            ],
            [
              18.1333333333,
              1371325095
            ],
            [
              6.86666666667,
              1371325110
            ],
            [
              17.2,
              1371325125
            ],
            [
              12.8,
              1371325140
            ],
            [
              17.2,
              1371325155
            ],
            [
              12.8,
              1371325170
            ],
            [
              16.8,
              1371325185
            ],
            [
              18.0,
              1371325200
            ],
            [
              18.0,
              1371325215
            ],
            [
              14.8,
              1371325230
            ],
            [
              17.2,
              1371325245
            ],
            [
              18.0,
              1371325260
            ],
            [
              9.2,
              1371325275
            ],
            [
              14.8,
              1371325290
            ],
            [
              18.7333333333,
              1371325305
            ],
            [
              18.2,
              1371325320
            ],
            [
              9.2,
              1371325335
            ],
            [
              14.8,
              1371325350
            ],
            [
              18.0,
              1371325365
            ],
            [
              14.0,
              1371325380
            ],
            [
              17.0,
              1371325395
            ],
            [
              12.4,
              1371325410
            ],
            [
              16.6,
              1371325425
            ],
            [
              18.0,
              1371325440
            ],
            [
              9.2,
              1371325455
            ],
            [
              14.8,
              1371325470
            ],
            [
              10.0,
              1371325485
            ],
            [
              14.8,
              1371325500
            ],
            [
              9.2,
              1371325515
            ],
            [
              9.66666666667,
              1371325530
            ],
            [
              7.33333333333,
              1371325545
            ],
            [
              14.8,
              1371325560
            ],
            [
              10.6666666667,
              1371325575
            ],
            [
              15.0666666667,
              1371325590
            ],
            [
              10.0,
              1371325605
            ],
            [
              14.0,
              1371325620
            ],
            [
              10.0,
              1371325635
            ],
            [
              14.0,
              1371325650
            ],
            [
              9.2,
              1371325665
            ],
            [
              14.8,
              1371325680
            ],
            [
              9.2,
              1371325695
            ],
            [
              14.8,
              1371325710
            ],
            [
              9.2,
              1371325725
            ],
            [
              14.0,
              1371325740
            ],
            [
              10.0,
              1371325755
            ],
            [
              14.0,
              1371325770
            ],
            [
              10.6666666667,
              1371325785
            ],
            [
              15.8,
              1371325800
            ],
            [
              9.46666666667,
              1371325815
            ],
            [
              9.33333333333,
              1371325830
            ],
            [
              7.66666666667,
              1371325845
            ],
            [
              14.0,
              1371325860
            ],
            [
              10.0,
              1371325875
            ],
            [
              13.2,
              1371325890
            ],
            [
              10.8,
              1371325905
            ],
            [
              13.2,
              1371325920
            ],
            [
              10.8,
              1371325935
            ],
            [
              13.2,
              1371325950
            ],
            [
              10.0,
              1371325965
            ],
            [
              14.0,
              1371325980
            ],
            [
              10.0,
              1371325995
            ],
            [
              14.0,
              1371326010
            ],
            [
              10.0,
              1371326025
            ],
            [
              14.0,
              1371326040
            ],
            [
              10.0,
              1371326055
            ],
            [
              14.0,
              1371326070
            ],
            [
              10.0,
              1371326085
            ],
            [
              14.8,
              1371326100
            ],
            [
              9.2,
              1371326115
            ],
            [
              14.0,
              1371326130
            ],
            [
              10.0,
              1371326145
            ],
            [
              14.0,
              1371326160
            ],
            [
              9.2,
              1371326175
            ],
            [
              14.8,
              1371326190
            ],
            [
              10.0,
              1371326205
            ],
            [
              14.0,
              1371326220
            ],
            [
              10.0,
              1371326235
            ],
            [
              13.2,
              1371326250
            ],
            [
              10.0,
              1371326265
            ],
            [
              14.0,
              1371326280
            ],
            [
              10.0,
              1371326295
            ],
            [
              14.0,
              1371326310
            ],
            [
              9.2,
              1371326325
            ],
            [
              14.8,
              1371326340
            ],
            [
              18.0,
              1371326355
            ],
            [
              12.4,
              1371326370
            ],
            [
              16.6,
              1371326385
            ],
            [
              14.3333333333,
              1371326400
            ],
            [
              17.0,
              1371326415
            ],
            [
              18.0,
              1371326430
            ],
            [
              18.0,
              1371326445
            ],
            [
              14.3333333333,
              1371326460
            ],
            [
              17.0,
              1371326475
            ],
            [
              18.0,
              1371326490
            ],
            [
              9.2,
              1371326505
            ],
            [
              14.8,
              1371326520
            ],
            [
              9.2,
              1371326535
            ],
            [
              14.8,
              1371326550
            ],
            [
              9.2,
              1371326565
            ],
            [
              14.8,
              1371326580
            ],
            [
              18.0,
              1371326595
            ],
            [
              13.2,
              1371326610
            ],
            [
              16.8,
              1371326625
            ],
            [
              12.8,
              1371326640
            ],
            [
              17.2,
              1371326655
            ],
            [
              18.0,
              1371326670
            ],
            [
              9.2,
              1371326685
            ],
            [
              14.8,
              1371326700
            ],
            [
              10.0,
              1371326715
            ],
            [
              14.0,
              1371326730
            ],
            [
              10.0,
              1371326745
            ],
            [
              14.0,
              1371326760
            ],
            [
              10.0,
              1371326775
            ],
            [
              14.0,
              1371326790
            ],
            [
              10.0,
              1371326805
            ],
            [
              14.8,
              1371326820
            ],
            [
              9.2,
              1371326835
            ],
            [
              14.8,
              1371326850
            ],
            [
              18.0,
              1371326865
            ],
            [
              13.2,
              1371326880
            ],
            [
              16.8,
              1371326895
            ],
            [
              13.2,
              1371326910
            ],
            [
              12.0,
              1371326925
            ],
            [
              11.1333333333,
              1371326940
            ],
            [
              16.6,
              1371326955
            ],
            [
              12.8,
              1371326970
            ],
            [
              18.0666666667,
              1371326985
            ],
            [
              12.9333333333,
              1371327000
            ],
            [
              12.8666666667,
              1371327015
            ],
            [
              11.2666666667,
              1371327030
            ],
            [
              11.0,
              1371327045
            ],
            [
              11.8666666667,
              1371327060
            ],
            [
              17.6,
              1371327075
            ],
            [
              18.2666666667,
              1371327090
            ],
            [
              18.0,
              1371327105
            ],
            [
              13.2,
              1371327120
            ],
            [
              11.2,
              1371327135
            ],
            [
              11.0,
              1371327150
            ],
            [
              16.6,
              1371327165
            ],
            [
              18.0,
              1371327180
            ],
            [
              18.0,
              1371327195
            ],
            [
              18.0,
              1371327210
            ],
            [
              18.8,
              1371327225
            ],
            [
              18.2,
              1371327240
            ],
            [
              9.2,
              1371327255
            ],
            [
              14.8,
              1371327270
            ],
            [
              9.2,
              1371327285
            ],
            [
              14.8,
              1371327300
            ],
            [
              18.0,
              1371327315
            ],
            [
              18.0,
              1371327330
            ],
            [
              8.4,
              1371327345
            ],
            [
              14.8,
              1371327360
            ],
            [
              18.0,
              1371327375
            ],
            [
              9.2,
              1371327390
            ],
            [
              10.8,
              1371327405
            ],
            [
              16.8,
              1371327420
            ],
            [
              18.0,
              1371327435
            ],
            [
              13.2,
              1371327450
            ],
            [
              12.0,
              1371327465
            ],
            [
              16.8,
              1371327480
            ]
          ]
        }
      }
    },
    {
      "href" : "http://ec2-54-226-143-119.compute-1.amazonaws.com:8080/api/v1/clusters/fc/hosts/ip-10-38-6-229.ec2.internal/host_components/FLUME_HANDLER",
      "HostRoles" : {
        "cluster_name" : "fc",
        "component_name" : "FLUME_HANDLER",
        "host_name" : "ip-10-38-6-229.ec2.internal"
      },
      "metrics" : {
        "jvm" : {
          "threadsRunnable" : [
            [
              8.2,
              1371324105
            ],
            [
              15.5333333333,
              1371324120
            ],
            [
              6.0,
              1371324135
            ],
            [
              6.0,
              1371324150
            ],
            [
              7.46666666667,
              1371324165
            ],
            [
              15.5333333333,
              1371324180
            ],
            [
              7.46666666667,
              1371324195
            ],
            [
              15.6666666667,
              1371324210
            ],
            [
              8.33333333333,
              1371324225
            ],
            [
              14.8,
              1371324240
            ],
            [
              7.0,
              1371324255
            ],
            [
              10.0,
              1371324270
            ],
            [
              8.2,
              1371324285
            ],
            [
              14.8,
              1371324300
            ],
            [
              6.0,
              1371324315
            ],
            [
              6.66666666667,
              1371324330
            ],
            [
              10.6666666667,
              1371324345
            ],
            [
              6.46666666667,
              1371324360
            ],
            [
              12.5333333333,
              1371324375
            ],
            [
              6.0,
              1371324390
            ],
            [
              7.46666666667,
              1371324405
            ],
            [
              14.8,
              1371324420
            ],
            [
              7.46666666667,
              1371324435
            ],
            [
              15.5333333333,
              1371324450
            ],
            [
              8.2,
              1371324465
            ],
            [
              15.5333333333,
              1371324480
            ],
            [
              6.0,
              1371324495
            ],
            [
              6.0,
              1371324510
            ],
            [
              6.0,
              1371324525
            ],
            [
              6.4,
              1371324540
            ],
            [
              8.8,
              1371324555
            ],
            [
              8.8,
              1371324570
            ],
            [
              11.6,
              1371324585
            ],
            [
              6.66666666667,
              1371324600
            ],
            [
              10.6666666667,
              1371324615
            ],
            [
              6.0,
              1371324630
            ],
            [
              6.0,
              1371324645
            ],
            [
              6.33333333333,
              1371324660
            ],
            [
              10.6666666667,
              1371324675
            ],
            [
              6.53333333333,
              1371324690
            ],
            [
              9.73333333333,
              1371324705
            ],
            [
              9.73333333333,
              1371324720
            ],
            [
              10.6666666667,
              1371324735
            ],
            [
              6.4,
              1371324750
            ],
            [
              11.6,
              1371324765
            ],
            [
              6.33333333333,
              1371324780
            ],
            [
              10.6666666667,
              1371324795
            ],
            [
              6.46666666667,
              1371324810
            ],
            [
              12.5333333333,
              1371324825
            ],
            [
              6.4,
              1371324840
            ],
            [
              11.6,
              1371324855
            ],
            [
              9.73333333333,
              1371324870
            ],
            [
              9.73333333333,
              1371324885
            ],
            [
              6.0,
              1371324900
            ],
            [
              6.0,
              1371324915
            ],
            [
              6.0,
              1371324930
            ],
            [
              14.0,
              1371324945
            ],
            [
              6.53333333333,
              1371324960
            ],
            [
              11.6,
              1371324975
            ],
            [
              6.4,
              1371324990
            ],
            [
              14.0,
              1371325005
            ],
            [
              6.53333333333,
              1371325020
            ],
            [
              11.6,
              1371325035
            ],
            [
              6.4,
              1371325050
            ],
            [
              11.6,
              1371325065
            ],
            [
              6.4,
              1371325080
            ],
            [
              10.6666666667,
              1371325095
            ],
            [
              6.33333333333,
              1371325110
            ],
            [
              12.5333333333,
              1371325125
            ],
            [
              6.93333333333,
              1371325140
            ],
            [
              15.5333333333,
              1371325155
            ],
            [
              7.46666666667,
              1371325170
            ],
            [
              6.0,
              1371325185
            ],
            [
              11.6,
              1371325200
            ],
            [
              7.86666666667,
              1371325215
            ],
            [
              6.0,
              1371325230
            ],
            [
              6.8,
              1371325245
            ],
            [
              10.6666666667,
              1371325260
            ],
            [
              7.6,
              1371325275
            ],
            [
              6.0,
              1371325290
            ],
            [
              6.0,
              1371325305
            ],
            [
              10.0,
              1371325320
            ],
            [
              7.33333333333,
              1371325335
            ],
            [
              6.0,
              1371325350
            ],
            [
              6.0,
              1371325365
            ],
            [
              6.0,
              1371325380
            ],
            [
              6.0,
              1371325395
            ],
            [
              6.0,
              1371325410
            ],
            [
              6.0,
              1371325425
            ],
            [
              10.4,
              1371325440
            ],
            [
              7.6,
              1371325455
            ],
            [
              10.4,
              1371325470
            ],
            [
              8.0,
              1371325485
            ],
            [
              10.4,
              1371325500
            ],
            [
              7.6,
              1371325515
            ],
            [
              6.0,
              1371325530
            ],
            [
              6.0,
              1371325545
            ],
            [
              11.1333333333,
              1371325560
            ],
            [
              8.33333333333,
              1371325575
            ],
            [
              9.66666666667,
              1371325590
            ],
            [
              7.66666666667,
              1371325605
            ],
            [
              10.0,
              1371325620
            ],
            [
              8.0,
              1371325635
            ],
            [
              10.0,
              1371325650
            ],
            [
              7.6,
              1371325665
            ],
            [
              11.1333333333,
              1371325680
            ],
            [
              7.86666666667,
              1371325695
            ],
            [
              9.66666666667,
              1371325710
            ],
            [
              7.33333333333,
              1371325725
            ],
            [
              10.6666666667,
              1371325740
            ],
            [
              8.33333333333,
              1371325755
            ],
            [
              9.33333333333,
              1371325770
            ],
            [
              7.66666666667,
              1371325785
            ],
            [
              10.4,
              1371325800
            ],
            [
              7.6,
              1371325815
            ],
            [
              6.0,
              1371325830
            ],
            [
              6.0,
              1371325845
            ],
            [
              10.6666666667,
              1371325860
            ],
            [
              8.33333333333,
              1371325875
            ],
            [
              9.0,
              1371325890
            ],
            [
              8.0,
              1371325905
            ],
            [
              10.2,
              1371325920
            ],
            [
              8.8,
              1371325935
            ],
            [
              9.0,
              1371325950
            ],
            [
              7.66666666667,
              1371325965
            ],
            [
              10.0,
              1371325980
            ],
            [
              8.0,
              1371325995
            ],
            [
              10.0,
              1371326010
            ],
            [
              8.0,
              1371326025
            ],
            [
              10.0,
              1371326040
            ],
            [
              8.0,
              1371326055
            ],
            [
              10.0,
              1371326070
            ],
            [
              8.0,
              1371326085
            ],
            [
              10.4,
              1371326100
            ],
            [
              7.6,
              1371326115
            ],
            [
              10.0,
              1371326130
            ],
            [
              8.0,
              1371326145
            ],
            [
              10.0,
              1371326160
            ],
            [
              7.6,
              1371326175
            ],
            [
              10.4,
              1371326190
            ],
            [
              8.0,
              1371326205
            ],
            [
              10.6666666667,
              1371326220
            ],
            [
              8.33333333333,
              1371326235
            ],
            [
              9.6,
              1371326250
            ],
            [
              8.0,
              1371326265
            ],
            [
              10.0,
              1371326280
            ],
            [
              8.0,
              1371326295
            ],
            [
              9.33333333333,
              1371326310
            ],
            [
              7.33333333333,
              1371326325
            ],
            [
              11.1333333333,
              1371326340
            ],
            [
              7.86666666667,
              1371326355
            ],
            [
              6.0,
              1371326370
            ],
            [
              6.0,
              1371326385
            ],
            [
              6.0,
              1371326400
            ],
            [
              14.8,
              1371326415
            ],
            [
              12.2,
              1371326430
            ],
            [
              7.0,
              1371326445
            ],
            [
              6.0,
              1371326460
            ],
            [
              6.0,
              1371326475
            ],
            [
              10.0,
              1371326490
            ],
            [
              7.33333333333,
              1371326505
            ],
            [
              10.4,
              1371326520
            ],
            [
              7.6,
              1371326535
            ],
            [
              10.4,
              1371326550
            ],
            [
              7.6,
              1371326565
            ],
            [
              10.4,
              1371326580
            ],
            [
              7.6,
              1371326595
            ],
            [
              6.0,
              1371326610
            ],
            [
              14.8,
              1371326625
            ],
            [
              7.46666666667,
              1371326640
            ],
            [
              6.0,
              1371326655
            ],
            [
              10.0,
              1371326670
            ],
            [
              7.33333333333,
              1371326685
            ],
            [
              10.4,
              1371326700
            ],
            [
              8.0,
              1371326715
            ],
            [
              10.0,
              1371326730
            ],
            [
              8.0,
              1371326745
            ],
            [
              10.0,
              1371326760
            ],
            [
              8.0,
              1371326775
            ],
            [
              10.0,
              1371326790
            ],
            [
              8.0,
              1371326805
            ],
            [
              10.4,
              1371326820
            ],
            [
              7.6,
              1371326835
            ],
            [
              10.4,
              1371326850
            ],
            [
              7.6,
              1371326865
            ],
            [
              6.0,
              1371326880
            ],
            [
              6.0,
              1371326895
            ],
            [
              6.0,
              1371326910
            ],
            [
              15.5333333333,
              1371326925
            ],
            [
              7.46666666667,
              1371326940
            ],
            [
              14.8,
              1371326955
            ],
            [
              7.46666666667,
              1371326970
            ],
            [
              15.5333333333,
              1371326985
            ],
            [
              7.46666666667,
              1371327000
            ],
            [
              6.0,
              1371327015
            ],
            [
              6.0,
              1371327030
            ],
            [
              15.5333333333,
              1371327045
            ],
            [
              7.46666666667,
              1371327060
            ],
            [
              6.0,
              1371327075
            ],
            [
              9.66666666667,
              1371327090
            ],
            [
              7.33333333333,
              1371327105
            ],
            [
              6.0,
              1371327120
            ],
            [
              14.8,
              1371327135
            ],
            [
              8.2,
              1371327150
            ],
            [
              6.0,
              1371327165
            ],
            [
              9.66666666667,
              1371327180
            ],
            [
              7.33333333333,
              1371327195
            ],
            [
              10.4,
              1371327210
            ],
            [
              7.2,
              1371327225
            ],
            [
              10.0,
              1371327240
            ],
            [
              7.33333333333,
              1371327255
            ],
            [
              10.4,
              1371327270
            ],
            [
              7.6,
              1371327285
            ],
            [
              9.66666666667,
              1371327300
            ],
            [
              7.33333333333,
              1371327315
            ],
            [
              10.0,
              1371327330
            ],
            [
              7.0,
              1371327345
            ],
            [
              9.66666666667,
              1371327360
            ],
            [
              7.33333333333,
              1371327375
            ],
            [
              6.0,
              1371327390
            ],
            [
              6.0,
              1371327405
            ],
            [
              10.0,
              1371327420
            ],
            [
              7.33333333333,
              1371327435
            ],
            [
              6.0,
              1371327450
            ],
            [
              6.0,
              1371327465
            ]
          ]
        }
      }
    }
  ]
}
