{
  "items" : [
    {
      "ServiceComponentInfo" : {
        "component_name" : "FALCON_CLIENT",
        "installed_count" : 1,
        "service_name" : "FALCON",
        "started_count" : 0,
        "total_count" : 1
      }
    },
    {
      "ServiceComponentInfo" : {
        "component_name" : "HBASE_CLIENT",
        "installed_count" : 1,
        "service_name" : "HBASE",
        "started_count" : 0,
        "total_count" : 1
      }
    },
    {
      "ServiceComponentInfo" : {
        "component_name" : "HBASE_REGIONSERVER",
        "installed_count" : 0,
        "service_name" : "HBASE",
        "started_count" : 1,
        "total_count" : 1
      }
    },
    {
      "ServiceComponentInfo" : {
        "component_name" : "DATANODE",
        "installed_count" : 0,
        "service_name" : "HDFS",
        "started_count" : 1,
        "total_count" : 1
      }
    },
    {
      "ServiceComponentInfo" : {
        "component_name" : "HDFS_CLIENT",
        "installed_count" : 1,
        "service_name" : "HDFS",
        "started_count" : 0,
        "total_count" : 1
      }
    },
    {
      "ServiceComponentInfo" : {
        "component_name" : "ZKFC",
        "installed_count" : 0,
        "service_name" : "HDFS",
        "started_count" : 0,
        "total_count" : 0
      }
    },
    {
      "ServiceComponentInfo" : {
        "component_name" : "HIVE_CLIENT",
        "installed_count" : 1,
        "service_name" : "HIVE",
        "started_count" : 0,
        "total_count" : 1
      }
    },
    {
      "ServiceComponentInfo" : {
        "component_name" : "MAPREDUCE2_CLIENT",
        "installed_count" : 1,
        "service_name" : "MAPREDUCE2",
        "started_count" : 0,
        "total_count" : 1
      }
    },
    {
      "ServiceComponentInfo" : {
        "component_name" : "OOZIE_CLIENT",
        "installed_count" : 1,
        "service_name" : "OOZIE",
        "started_count" : 0,
        "total_count" : 1
      }
    },
    {
      "ServiceComponentInfo" : {
        "component_name" : "PIG",
        "installed_count" : 1,
        "service_name" : "PIG",
        "started_count" : 0,
        "total_count" : 1
      }
    },
    {
      "ServiceComponentInfo" : {
        "component_name" : "SQOOP",
        "installed_count" : 1,
        "service_name" : "SQOOP",
        "started_count" : 0,
        "total_count" : 1
      }
    },
    {
      "ServiceComponentInfo" : {
        "component_name" : "SUPERVISOR",
        "installed_count" : 0,
        "service_name" : "STORM",
        "started_count" : 1,
        "total_count" : 1
      }
    },
    {
      "ServiceComponentInfo" : {
        "component_name" : "TEZ_CLIENT",
        "installed_count" : 1,
        "service_name" : "TEZ",
        "started_count" : 0,
        "total_count" : 1
      }
    },
    {
      "ServiceComponentInfo" : {
        "component_name" : "APP_TIMELINE_SERVER",
        "installed_count" : 0,
        "service_name" : "YARN",
        "started_count" : 1,
        "total_count" : 1
      }
    },
    {
      "ServiceComponentInfo" : {
        "component_name" : "NODEMANAGER",
        "installed_count" : 0,
        "service_name" : "YARN",
        "started_count" : 1,
        "total_count" : 1
      }
    },
    {
      "ServiceComponentInfo" : {
        "component_name" : "YARN_CLIENT",
        "installed_count" : 1,
        "service_name" : "YARN",
        "started_count" : 0,
        "total_count" : 1
      }
    },
    {
      "ServiceComponentInfo" : {
        "component_name" : "ZOOKEEPER_CLIENT",
        "installed_count" : 1,
        "service_name" : "ZOOKEEPER",
        "started_count" : 0,
        "total_count" : 1
      }
    }
  ]
}
