{
  "href" : "http://192.168.56.101:8080/api/v1/clusters/cl/hosts/dev01.hortonworks.com?fields=alerts",
  "Hosts" : {
    "cluster_name" : "cl",
    "host_name" : "dev01.hortonworks.com"
  },
  "alerts" : {
    "detail" : [
      {
        "description" : "DataNode process",
        "host_name" : "dev01.hortonworks.com",
        "last_status" : "CRITICAL",
        "last_status_time" : 1389787817,
        "service_name" : "HDFS",
        "status" : "CRITICAL",
        "status_time" : 1389793888,
        "output" : "Connection refused"
      },
      {
        "description" : "DataNode space",
        "host_name" : "dev01.hortonworks.com",
        "last_status" : "CRITICAL",
        "last_status_time" : 1389787957,
        "service_name" : "HDFS",
        "status" : "CRITICAL",
        "status_time" : 1389793657,
        "output" : "CRITICAL: Data inaccessible, Status code = 0"
      },
      {
        "description" : "Blocks health",
        "host_name" : "dev01.hortonworks.com",
        "last_status" : "CRITICAL",
        "last_status_time" : 1389787835,
        "service_name" : "HDFS",
        "status" : "CRITICAL",
        "status_time" : 1389793835,
        "output" : "CRITICAL: Data inaccessible, Status code = 0"
      },
      {
        "description" : "HDFS capacity utilization",
        "host_name" : "dev01.hortonworks.com",
        "last_status" : "CRITICAL",
        "last_status_time" : 1389787844,
        "service_name" : "HDFS",
        "status" : "CRITICAL",
        "status_time" : 1389793845,
        "output" : "CRITICAL: Data inaccessible, Status code = 0"
      },
      {
        "description" : "NameNode RPC latency on dev01.hortonworks.com",
        "host_name" : "dev01.hortonworks.com",
        "last_status" : "CRITICAL",
        "last_status_time" : 1389788086,
        "service_name" : "HDFS",
        "status" : "CRITICAL",
        "status_time" : 1389793786,
        "output" : "CRITICAL: Data inaccessible, Status code = 0"
      },
      {
        "description" : "Percent DataNodes live",
        "host_name" : "dev01.hortonworks.com",
        "last_status" : "CRITICAL",
        "last_status_time" : 1389787862,
        "service_name" : "HDFS",
        "status" : "CRITICAL",
        "status_time" : 1389793891,
        "output" : "CRITICAL: total:&lt;1&gt;, affected:&lt;1&gt;"
      },
      {
        "description" : "Percent DataNodes with space available",
        "host_name" : "dev01.hortonworks.com",
        "last_status" : "CRITICAL",
        "last_status_time" : 1389787984,
        "service_name" : "HDFS",
        "status" : "CRITICAL",
        "status_time" : 1389793864,
        "output" : "CRITICAL: total:&lt;1&gt;, affected:&lt;1&gt;"
      },
      {
        "description" : "NameNode process on dev01.hortonworks.com",
        "host_name" : "dev01.hortonworks.com",
        "last_status" : "CRITICAL",
        "last_status_time" : 1389787234,
        "service_name" : "HDFS",
        "status" : "CRITICAL",
        "status_time" : 1389793891,
        "output" : "Connection refused"
      },
      {
        "description" : "Secondary NameNode process",
        "host_name" : "dev01.hortonworks.com",
        "last_status" : "CRITICAL",
        "last_status_time" : 1389787243,
        "service_name" : "HDFS",
        "status" : "CRITICAL",
        "status_time" : 1389793891,
        "output" : "Connection refused"
      },
      {
        "description" : "NameNode Web UI on dev01.hortonworks.com",
        "host_name" : "dev01.hortonworks.com",
        "last_status" : "WARNING",
        "last_status_time" : 1389788062,
        "service_name" : "HDFS",
        "status" : "WARNING",
        "status_time" : 1389793887,
        "output" : "WARNING: NameNode Web UI not accessible : http://dev01.hortonworks.com:50070"
      },
      {
        "description" : "NameNode edit logs directory status on dev01.hortonworks.com",
        "host_name" : "dev01.hortonworks.com",
        "last_status" : "WARNING",
        "last_status_time" : 1389788011,
        "service_name" : "HDFS",
        "status" : "WARNING",
        "status_time" : 1389793891,
        "output" : "WARNING: NameNode directory status not available via http://dev01.hortonworks.com:50070/jmx url, code 0"
      },
      {
        "description" : "Ambari Agent process",
        "host_name" : "dev01.hortonworks.com",
        "last_status" : "OK",
        "last_status_time" : 1389636436,
        "service_name" : "AMBARI",
        "status" : "OK",
        "status_time" : 1389793887,
        "output" : "TCP OK - 0.001 second response time on port 8670"
      },
      {
        "description" : "NameNode host CPU utilization on dev01.hortonworks.com",
        "host_name" : "dev01.hortonworks.com",
        "last_status" : "OK",
        "last_status_time" : 1389636534,
        "service_name" : "HDFS",
        "status" : "OK",
        "status_time" : 1389793660,
        "output" : "1 CPU, load 17.0% &lt; 200% : OK"
      },
      {
        "description" : "Percent ZooKeeper Servers live",
        "host_name" : "dev01.hortonworks.com",
        "last_status" : "OK",
        "last_status_time" : 1389636561,
        "service_name" : "ZOOKEEPER",
        "status" : "OK",
        "status_time" : 1389793891,
        "output" : "OK: total:&lt;1&gt;, affected:&lt;0&gt;"
      },
      {
        "description" : "ZooKeeper Server process",
        "host_name" : "dev01.hortonworks.com",
        "last_status" : "OK",
        "last_status_time" : 1389636570,
        "service_name" : "ZOOKEEPER",
        "status" : "OK",
        "status_time" : 1389793887,
        "output" : "TCP OK - 0.001 second response time on port 2181"
      }
    ],
    "summary" : {
      "CRITICAL" : 9,
      "OK" : 5,
      "WARNING" : 2
    }
  }
}