{
  "href" : "http://dev.hortonworks.com:8080/api/v1/stacks2/HDPLocal/versions?fields=Versions",
  "items" : [
    {
      "href" : "http://dev.hortonworks.com:8080/api/v1/stacks2/HDPLocal/versions/1.3.0",
      "Versions" : {
        "stack_version" : "1.3.0",
        "active" : false,
        "stack_name" : "HDPLocal",
        "min_upgrade_version" : "1.2.0"
      }
    },
    {
      "href" : "http://dev.hortonworks.com:8080/api/v1/stacks2/HDPLocal/versions/1.2.0",
      "Versions" : {
        "stack_version" : "1.2.0",
        "active" : false,
        "stack_name" : "HDPLocal",
        "min_upgrade_version" : null
      }
    },
    {
      "href" : "http://dev.hortonworks.com:8080/api/v1/stacks2/HDPLocal/versions/1.2.1",
      "Versions" : {
        "stack_version" : "1.2.1",
        "active" : false,
        "stack_name" : "HDPLocal",
        "min_upgrade_version" : null
      }
    }
  ]
}
