{
  "hbase": {
    "service_type": "HBASE",
    "installed": true,
    "hbasemaster_addr": "hbase:60010",
    "total_regionservers": "1",
    "memory_heap_used": 15691080,
    "memory_heap_max": 498991104,
    "version": "0.92.1.15, rUnknown",
    "start_time": 1348935496,
    "cluster_id": "83ad5508-f036-43e2-acc5-25408d34efe8",
    "active_time": 1348935496,
    "coprocessors": [],
    "average_load": 3,
    "regions_in_transition_count": 0,
    "live_regionservers": 1,
    "zookeeper_quorum": ["hbase:2181"],
    "dead_regionservers": 0
  }
}