{
  "href" : "http://c6401.ambari.apache.org:8080/api/v1/clusters/c1/services/AMBARI_METRICS/components/METRICS_COLLECTOR?fields=metrics/hbase/regionserver/regions[1424948254,1424951854,15]&_=1424951853367",
  "ServiceComponentInfo" : {
    "cluster_name" : "c1",
    "component_name" : "METRICS_COLLECTOR",
    "service_name" : "AMBARI_METRICS"
  },
  "metrics" : {
    "hbase" : {
      "regionserver" : {
        "regions" : [
          [
            11.0,
            1424948261
          ],
          [
            11.0,
            1424948306
          ],
          [
            11.0,
            1424948321
          ],
          [
            11.0,
            1424948336
          ],
          [
            11.0,
            1424948351
          ],
          [
            11.0,
            1424948366
          ],
          [
            11.0,
            1424948381
          ],
          [
            11.0,
            1424948396
          ],
          [
            11.0,
            1424948426
          ],
          [
            11.0,
            1424948441
          ],
          [
            11.0,
            1424948456
          ],
          [
            11.0,
            1424948471
          ],
          [
            11.0,
            1424948546
          ],
          [
            11.0,
            1424948561
          ],
          [
            11.0,
            1424948576
          ],
          [
            11.0,
            1424948591
          ],
          [
            11.0,
            1424948606
          ],
          [
            11.0,
            1424948666
          ],
          [
            11.0,
            1424948681
          ],
          [
            11.0,
            1424948696
          ],
          [
            11.0,
            1424948711
          ],
          [
            11.0,
            1424948726
          ],
          [
            11.0,
            1424948741
          ],
          [
            11.0,
            1424948756
          ],
          [
            11.0,
            1424948786
          ],
          [
            11.0,
            1424948801
          ],
          [
            11.0,
            1424948816
          ],
          [
            11.0,
            1424948831
          ],
          [
            11.0,
            1424948846
          ],
          [
            11.0,
            1424948861
          ],
          [
            11.0,
            1424948876
          ],
          [
            11.0,
            1424948891
          ],
          [
            11.0,
            1424948906
          ],
          [
            11.0,
            1424948921
          ],
          [
            11.0,
            1424948936
          ],
          [
            11.0,
            1424948951
          ],
          [
            11.0,
            1424948966
          ],
          [
            11.0,
            1424949026
          ],
          [
            11.0,
            1424949041
          ],
          [
            11.0,
            1424949056
          ],
          [
            11.0,
            1424949071
          ],
          [
            11.0,
            1424949086
          ],
          [
            11.0,
            1424949101
          ],
          [
            11.0,
            1424949146
          ],
          [
            11.0,
            1424949161
          ],
          [
            11.0,
            1424949176
          ],
          [
            11.0,
            1424949191
          ],
          [
            11.0,
            1424949206
          ],
          [
            11.0,
            1424949221
          ],
          [
            11.0,
            1424949236
          ],
          [
            11.0,
            1424949266
          ],
          [
            11.0,
            1424949281
          ],
          [
            11.0,
            1424949296
          ],
          [
            11.0,
            1424949311
          ],
          [
            11.0,
            1424949386
          ],
          [
            11.0,
            1424949401
          ],
          [
            11.0,
            1424949416
          ],
          [
            11.0,
            1424949431
          ],
          [
            11.0,
            1424949446
          ],
          [
            11.0,
            1424949506
          ],
          [
            11.0,
            1424949521
          ],
          [
            11.0,
            1424949536
          ],
          [
            11.0,
            1424949551
          ],
          [
            11.0,
            1424949566
          ],
          [
            11.0,
            1424949581
          ],
          [
            11.0,
            1424949596
          ],
          [
            11.0,
            1424949626
          ],
          [
            11.0,
            1424949641
          ],
          [
            11.0,
            1424949656
          ],
          [
            11.0,
            1424949671
          ],
          [
            11.0,
            1424949686
          ],
          [
            11.0,
            1424949701
          ],
          [
            11.0,
            1424949716
          ],
          [
            11.0,
            1424949731
          ],
          [
            11.0,
            1424949746
          ],
          [
            11.0,
            1424949761
          ],
          [
            11.0,
            1424949776
          ],
          [
            11.0,
            1424949791
          ],
          [
            11.0,
            1424949806
          ],
          [
            11.0,
            1424949866
          ],
          [
            11.0,
            1424949881
          ],
          [
            11.0,
            1424949896
          ],
          [
            11.0,
            1424949911
          ],
          [
            11.0,
            1424949926
          ],
          [
            11.0,
            1424949941
          ],
          [
            11.0,
            1424949986
          ],
          [
            11.0,
            1424950001
          ],
          [
            11.0,
            1424950016
          ],
          [
            11.0,
            1424950031
          ],
          [
            11.0,
            1424950046
          ],
          [
            11.0,
            1424950061
          ],
          [
            11.0,
            1424950076
          ],
          [
            11.0,
            1424950106
          ],
          [
            11.0,
            1424950121
          ],
          [
            11.0,
            1424950136
          ],
          [
            11.0,
            1424950151
          ],
          [
            11.0,
            1424950226
          ],
          [
            11.0,
            1424950241
          ],
          [
            11.0,
            1424950256
          ],
          [
            11.0,
            1424950271
          ],
          [
            11.0,
            1424950286
          ],
          [
            11.0,
            1424950346
          ],
          [
            11.0,
            1424950361
          ],
          [
            11.0,
            1424950376
          ],
          [
            11.0,
            1424950391
          ],
          [
            11.0,
            1424950406
          ],
          [
            11.0,
            1424950421
          ],
          [
            11.0,
            1424950436
          ],
          [
            11.0,
            1424950466
          ],
          [
            11.0,
            1424950481
          ],
          [
            11.0,
            1424950496
          ],
          [
            11.0,
            1424950511
          ],
          [
            11.0,
            1424950526
          ],
          [
            11.0,
            1424950541
          ],
          [
            11.0,
            1424950556
          ],
          [
            11.0,
            1424950571
          ],
          [
            11.0,
            1424950586
          ],
          [
            11.0,
            1424950601
          ],
          [
            11.0,
            1424950616
          ],
          [
            11.0,
            1424950631
          ],
          [
            11.0,
            1424950646
          ],
          [
            11.0,
            1424950706
          ],
          [
            11.0,
            1424950721
          ],
          [
            11.0,
            1424950736
          ],
          [
            11.0,
            1424950751
          ],
          [
            11.0,
            1424950766
          ],
          [
            11.0,
            1424950781
          ],
          [
            11.0,
            1424950826
          ],
          [
            11.0,
            1424950841
          ],
          [
            11.0,
            1424950856
          ],
          [
            11.0,
            1424950871
          ],
          [
            11.0,
            1424950886
          ],
          [
            11.0,
            1424950901
          ],
          [
            11.0,
            1424950916
          ],
          [
            11.0,
            1424950946
          ],
          [
            11.0,
            1424950961
          ],
          [
            11.0,
            1424950976
          ],
          [
            11.0,
            1424950991
          ],
          [
            11.0,
            1424951066
          ],
          [
            11.0,
            1424951081
          ],
          [
            11.0,
            1424951096
          ],
          [
            11.0,
            1424951111
          ],
          [
            11.0,
            1424951126
          ],
          [
            11.0,
            1424951186
          ],
          [
            11.0,
            1424951201
          ],
          [
            11.0,
            1424951216
          ],
          [
            11.0,
            1424951231
          ],
          [
            11.0,
            1424951246
          ],
          [
            11.0,
            1424951261
          ],
          [
            11.0,
            1424951276
          ],
          [
            11.0,
            1424951306
          ],
          [
            11.0,
            1424951321
          ],
          [
            11.0,
            1424951336
          ],
          [
            11.0,
            1424951351
          ],
          [
            11.0,
            1424951366
          ],
          [
            11.0,
            1424951381
          ],
          [
            11.0,
            1424951396
          ],
          [
            11.0,
            1424951411
          ],
          [
            11.0,
            1424951426
          ],
          [
            11.0,
            1424951441
          ],
          [
            11.0,
            1424951456
          ],
          [
            11.0,
            1424951471
          ],
          [
            11.0,
            1424951486
          ],
          [
            11.0,
            1424951546
          ],
          [
            11.0,
            1424951561
          ],
          [
            11.0,
            1424951576
          ],
          [
            11.0,
            1424951591
          ],
          [
            11.0,
            1424951606
          ],
          [
            11.0,
            1424951621
          ],
          [
            11.0,
            1424951666
          ],
          [
            11.0,
            1424951681
          ],
          [
            11.0,
            1424951696
          ],
          [
            11.0,
            1424951711
          ],
          [
            11.0,
            1424951726
          ],
          [
            11.0,
            1424951741
          ],
          [
            11.0,
            1424951756
          ]
        ]
      }
    }
  }
}