{
  "href" : "http://c6401.ambari.apache.org:8080/api/v1/clusters/c1/services/AMBARI_METRICS/components/METRICS_COLLECTOR?fields=metrics/hbase/regionserver/requests[1424948254,1424951854,15]&_=1424951853368",
  "ServiceComponentInfo" : {
    "cluster_name" : "c1",
    "component_name" : "METRICS_COLLECTOR",
    "service_name" : "AMBARI_METRICS"
  },
  "metrics" : {
    "hbase" : {
      "regionserver" : {
        "requests" : [
          [
            302.0,
            1424948261
          ],
          [
            57.5,
            1424948306
          ],
          [
            176.0,
            1424948321
          ],
          [
            348.5,
            1424948336
          ],
          [
            158.0,
            1424948351
          ],
          [
            2260.0,
            1424948366
          ],
          [
            44.0,
            1424948381
          ],
          [
            239.0,
            1424948396
          ],
          [
            71.5,
            1424948426
          ],
          [
            28.0,
            1424948441
          ],
          [
            103.0,
            1424948456
          ],
          [
            416.0,
            1424948471
          ],
          [
            377.0,
            1424948546
          ],
          [
            58.0,
            1424948561
          ],
          [
            44.5,
            1424948576
          ],
          [
            158.0,
            1424948591
          ],
          [
            2387.5,
            1424948606
          ],
          [
            116.5,
            1424948666
          ],
          [
            316.0,
            1424948681
          ],
          [
            219.5,
            1424948696
          ],
          [
            1014.0,
            1424948711
          ],
          [
            2162.0,
            1424948726
          ],
          [
            132.0,
            1424948741
          ],
          [
            332.0,
            1424948756
          ],
          [
            463.5,
            1424948786
          ],
          [
            58.0,
            1424948801
          ],
          [
            232.0,
            1424948816
          ],
          [
            509.0,
            1424948831
          ],
          [
            2588.5,
            1424948846
          ],
          [
            44.0,
            1424948861
          ],
          [
            96.5,
            1424948876
          ],
          [
            446.0,
            1424948891
          ],
          [
            233.0,
            1424948906
          ],
          [
            56.0,
            1424948921
          ],
          [
            44.0,
            1424948936
          ],
          [
            246.0,
            1424948951
          ],
          [
            5999.0,
            1424948966
          ],
          [
            260.5,
            1424949026
          ],
          [
            409.0,
            1424949041
          ],
          [
            43.0,
            1424949056
          ],
          [
            158.0,
            1424949071
          ],
          [
            1949.5,
            1424949086
          ],
          [
            332.0,
            1424949101
          ],
          [
            57.5,
            1424949146
          ],
          [
            146.0,
            1424949161
          ],
          [
            365.0,
            1424949176
          ],
          [
            128.0,
            1424949191
          ],
          [
            2275.0,
            1424949206
          ],
          [
            14.0,
            1424949221
          ],
          [
            239.0,
            1424949236
          ],
          [
            71.5,
            1424949266
          ],
          [
            58.0,
            1424949281
          ],
          [
            88.0,
            1424949296
          ],
          [
            1304.0,
            1424949311
          ],
          [
            377.0,
            1424949386
          ],
          [
            28.0,
            1424949401
          ],
          [
            58.0,
            1424949416
          ],
          [
            128.0,
            1424949431
          ],
          [
            2402.5,
            1424949446
          ],
          [
            116.5,
            1424949506
          ],
          [
            346.0,
            1424949521
          ],
          [
            204.5,
            1424949536
          ],
          [
            186.0,
            1424949551
          ],
          [
            2145.0,
            1424949566
          ],
          [
            162.0,
            1424949581
          ],
          [
            302.0,
            1424949596
          ],
          [
            71.5,
            1424949626
          ],
          [
            28.0,
            1424949641
          ],
          [
            247.0,
            1424949656
          ],
          [
            479.0,
            1424949671
          ],
          [
            2603.5,
            1424949686
          ],
          [
            14.0,
            1424949701
          ],
          [
            95.0,
            1424949716
          ],
          [
            446.0,
            1424949731
          ],
          [
            233.0,
            1424949746
          ],
          [
            86.0,
            1424949761
          ],
          [
            30.5,
            1424949776
          ],
          [
            276.0,
            1424949791
          ],
          [
            5969.0,
            1424949806
          ],
          [
            260.5,
            1424949866
          ],
          [
            379.0,
            1424949881
          ],
          [
            58.0,
            1424949896
          ],
          [
            986.0,
            1424949911
          ],
          [
            1964.5,
            1424949926
          ],
          [
            302.0,
            1424949941
          ],
          [
            57.5,
            1424949986
          ],
          [
            176.0,
            1424950001
          ],
          [
            348.5,
            1424950016
          ],
          [
            158.0,
            1424950031
          ],
          [
            2260.0,
            1424950046
          ],
          [
            44.0,
            1424950061
          ],
          [
            240.5,
            1424950076
          ],
          [
            71.5,
            1424950106
          ],
          [
            28.0,
            1424950121
          ],
          [
            103.0,
            1424950136
          ],
          [
            416.0,
            1424950151
          ],
          [
            377.0,
            1424950226
          ],
          [
            58.0,
            1424950241
          ],
          [
            43.0,
            1424950256
          ],
          [
            158.0,
            1424950271
          ],
          [
            2387.5,
            1424950286
          ],
          [
            116.5,
            1424950346
          ],
          [
            316.0,
            1424950361
          ],
          [
            221.0,
            1424950376
          ],
          [
            156.0,
            1424950391
          ],
          [
            2160.0,
            1424950406
          ],
          [
            132.0,
            1424950421
          ],
          [
            332.0,
            1424950436
          ],
          [
            71.5,
            1424950466
          ],
          [
            58.0,
            1424950481
          ],
          [
            232.0,
            1424950496
          ],
          [
            1367.0,
            1424950511
          ],
          [
            2588.5,
            1424950526
          ],
          [
            44.0,
            1424950541
          ],
          [
            95.0,
            1424950556
          ],
          [
            446.0,
            1424950571
          ],
          [
            233.0,
            1424950586
          ],
          [
            56.0,
            1424950601
          ],
          [
            44.0,
            1424950616
          ],
          [
            246.0,
            1424950631
          ],
          [
            5999.0,
            1424950646
          ],
          [
            260.5,
            1424950706
          ],
          [
            409.0,
            1424950721
          ],
          [
            43.0,
            1424950736
          ],
          [
            158.0,
            1424950751
          ],
          [
            1949.5,
            1424950766
          ],
          [
            332.0,
            1424950781
          ],
          [
            57.5,
            1424950826
          ],
          [
            146.0,
            1424950841
          ],
          [
            363.5,
            1424950856
          ],
          [
            128.0,
            1424950871
          ],
          [
            2275.0,
            1424950886
          ],
          [
            14.0,
            1424950901
          ],
          [
            239.0,
            1424950916
          ],
          [
            71.5,
            1424950946
          ],
          [
            58.0,
            1424950961
          ],
          [
            89.5,
            1424950976
          ],
          [
            446.0,
            1424950991
          ],
          [
            377.0,
            1424951066
          ],
          [
            28.0,
            1424951081
          ],
          [
            58.0,
            1424951096
          ],
          [
            986.0,
            1424951111
          ],
          [
            2402.5,
            1424951126
          ],
          [
            116.5,
            1424951186
          ],
          [
            346.0,
            1424951201
          ],
          [
            204.5,
            1424951216
          ],
          [
            186.0,
            1424951231
          ],
          [
            2145.0,
            1424951246
          ],
          [
            162.0,
            1424951261
          ],
          [
            302.0,
            1424951276
          ],
          [
            81.0,
            1424951306
          ],
          [
            58.0,
            1424951321
          ],
          [
            244.0,
            1424951336
          ],
          [
            540.0,
            1424951351
          ],
          [
            2590.0,
            1424951366
          ],
          [
            47.0,
            1424951381
          ],
          [
            103.5,
            1424951396
          ],
          [
            1307.0,
            1424951411
          ],
          [
            248.5,
            1424951426
          ],
          [
            127.0,
            1424951441
          ],
          [
            67.0,
            1424951456
          ],
          [
            232.0,
            1424951471
          ],
          [
            5941.0,
            1424951486
          ],
          [
            231.5,
            1424951546
          ],
          [
            351.0,
            1424951561
          ],
          [
            15.5,
            1424951576
          ],
          [
            114.0,
            1424951591
          ],
          [
            1913.5,
            1424951606
          ],
          [
            288.0,
            1424951621
          ],
          [
            45.0,
            1424951666
          ],
          [
            118.0,
            1424951681
          ],
          [
            319.5,
            1424951696
          ],
          [
            972.0,
            1424951711
          ],
          [
            2224.0,
            1424951726
          ],
          [
            0.0,
            1424951741
          ],
          [
            247.5,
            1424951756
          ]
        ]
      }
    }
  }
}