{
  "href" : "http://ambari/clusters/mycluster/services/HBASE/components/HBASE_MASTER?fields=metrics/hbase/master/splitSize_avg_time[1351356190,1351359791,60]",
  "metrics" : {
    "hbase" : {
      "master" : {
        "splitSize_avg_time" : "[[0.0,1351356480],[0.0,1351356840],[0.0,1351357200],[0.0,1351357560],[0.0,1351357920],[0.0,1351358280],[0.0,1351358640],[0.0,1351359000],[0.0,1351359360],[0.0,1351359720],[0.0,1351360080]]"
      }
    }
  },
  "ServiceComponentInfo" : {
    "cluster_name" : "mycluster",
    "component_name" : "HBASE_MASTER",
    "service_name" : "HBASE"
  }
}