{
  "href" : "http://ambari/clusters/mycluster/services/HBASE/components/HBASE_REGIONSERVER?fields=metrics/hbase/regionserver/regions[1351356190,1351359791,60]",
  "metrics" : {
    "hbase" : {
      "regionserver" : {
        "regions" : "[[3.0,1351356480],[3.0,1351356840],[3.0,1351357200],[3.0,1351357560],[3.0,1351357920],[3.0,1351358280],[3.0,1351358640],[3.0,1351359000],[3.0,1351359360],[3.0,1351359720],[0.0,1351360080]]"
      }
    }
  },
  "ServiceComponentInfo" : {
    "cluster_name" : "mycluster",
    "component_name" : "HBASE_REGIONSERVER",
    "service_name" : "HBASE"
  }
}