{
  "href" : "http://ambari/clusters/SrimanthAmbari/hosts/hostname/host_components/NAMENODE?fields=metrics/jvm/gcTimeMillis[1351117114,1351120714,60]",
  "HostRoles" : {
    "cluster_name" : "SrimanthAmbari",
    "component_name" : "NAMENODE",
    "host_name" : "hostname"
  },
  "host" : {
    "href" : "http://ambari/clusters/SrimanthAmbari/hosts/hostname"
  },
  "metrics" : {
    "jvm" : {
      "gcTimeMillis" : "[[0.0,1351117440],[0.0,1351117800],[0.0,1351118160],[0.0,1351118520],[0.0,1351118880],[0.0,1351119240],[0.0,1351119600],[0.0,1351119960],[0.0,1351120320],[0.0,1351120680],[0.027777777778,1351121040]]"
    }
  }
}