{
  "href" : "http://162.216.151.112:8080/api/v1/clusters/c1/requests?to=end&page_size=10&fields=Requests&_=1420804171828",
  "itemTotal" : "10",
  "items" : [
    {
      "href" : "http://162.216.151.112:8080/api/v1/clusters/c1/requests/17",
      "Requests" : {
        "aborted_task_count" : 0,
        "cluster_name" : "c1",
        "completed_task_count" : 3,
        "create_time" : 1420732929053,
        "end_time" : 1420733166162,
        "exclusive" : false,
        "failed_task_count" : 0,
        "id" : 1,
        "inputs" : null,
        "operation_level" : null,
        "progress_percent" : 50.0,
        "queued_task_count" : 0,
        "request_context" : "Distribute repositories/install packages",
        "request_schedule" : null,
        "request_status" : "IN_PROGRESS",
        "resource_filters" : [ ],
        "start_time" : 1420732929071,
        "task_count" : 3,
        "timed_out_task_count" : 0,
        "type" : "INTERNAL_REQUEST"
      }
    },
    {
      "href" : "http://162.216.151.112:8080/api/v1/clusters/c1/requests/18",
      "Requests" : {
        "aborted_task_count" : 0,
        "cluster_name" : "c1",
        "completed_task_count" : 3,
        "create_time" : 1420741144265,
        "end_time" : 1420741162446,
        "exclusive" : false,
        "failed_task_count" : 0,
        "id" : 18,
        "inputs" : null,
        "operation_level" : null,
        "progress_percent" : 100.0,
        "queued_task_count" : 0,
        "request_context" : "Distribute repositories/install packages",
        "request_schedule" : null,
        "request_status" : "COMPLETED",
        "resource_filters" : [ ],
        "start_time" : 1420741144295,
        "task_count" : 3,
        "timed_out_task_count" : 0,
        "type" : "INTERNAL_REQUEST"
      }
    },
    {
      "href" : "http://162.216.151.112:8080/api/v1/clusters/c1/requests/19",
      "Requests" : {
        "aborted_task_count" : 20,
        "cluster_name" : "c1",
        "completed_task_count" : 21,
        "create_time" : 1420741278556,
        "end_time" : 1420742042708,
        "exclusive" : false,
        "failed_task_count" : 1,
        "id" : 19,
        "inputs" : null,
        "operation_level" : null,
        "progress_percent" : 100.0,
        "queued_task_count" : 0,
        "request_context" : "Upgrading to 2.2.4.3-885",
        "request_schedule" : null,
        "request_status" : "FAILED",
        "resource_filters" : [ ],
        "start_time" : 1420741278615,
        "task_count" : 21,
        "timed_out_task_count" : 0,
        "type" : "INTERNAL_REQUEST"
      }
    },
    {
      "href" : "http://162.216.151.112:8080/api/v1/clusters/c1/requests/20",
      "Requests" : {
        "aborted_task_count" : 20,
        "cluster_name" : "c1",
        "completed_task_count" : 21,
        "create_time" : 1420742881366,
        "end_time" : 1420742911600,
        "exclusive" : false,
        "failed_task_count" : 1,
        "id" : 20,
        "inputs" : null,
        "operation_level" : null,
        "progress_percent" : 100.0,
        "queued_task_count" : 0,
        "request_context" : "Upgrading to 2.2.0.1-885",
        "request_schedule" : null,
        "request_status" : "FAILED",
        "resource_filters" : [ ],
        "start_time" : 1420742881426,
        "task_count" : 21,
        "timed_out_task_count" : 0,
        "type" : "INTERNAL_REQUEST"
      }
    },
    {
      "href" : "http://162.216.151.112:8080/api/v1/clusters/c1/requests/21",
      "Requests" : {
        "aborted_task_count" : 20,
        "cluster_name" : "c1",
        "completed_task_count" : 20,
        "create_time" : 1420743882836,
        "end_time" : 1420801978445,
        "exclusive" : false,
        "failed_task_count" : 0,
        "id" : 21,
        "inputs" : null,
        "operation_level" : null,
        "progress_percent" : 98.57142857142857,
        "queued_task_count" : 0,
        "request_context" : "Upgrading to 2.2.0.1-885",
        "request_schedule" : null,
        "request_status" : "HOLDING_FAILED",
        "resource_filters" : [ ],
        "start_time" : 1420743882894,
        "task_count" : 21,
        "timed_out_task_count" : 0,
        "type" : "INTERNAL_REQUEST"
      }
    },
    {
      "href" : "http://162.216.151.112:8080/api/v1/clusters/c1/requests/22",
      "Requests" : {
        "aborted_task_count" : 0,
        "cluster_name" : "c1",
        "completed_task_count" : 3,
        "create_time" : 1420801929946,
        "end_time" : 1420801992902,
        "exclusive" : false,
        "failed_task_count" : 0,
        "id" : 12,
        "inputs" : null,
        "operation_level" : null,
        "progress_percent" : 100.0,
        "queued_task_count" : 0,
        "request_context" : "Distribute repositories/install packages",
        "request_schedule" : null,
        "request_status" : "COMPLETED",
        "resource_filters" : [ ],
        "start_time" : 1420801978494,
        "task_count" : 3,
        "timed_out_task_count" : 0,
        "type" : "INTERNAL_REQUEST"
      }
    },
    {
      "href" : "http://162.216.151.112:8080/api/v1/clusters/c1/requests/23",
      "Requests" : {
        "aborted_task_count" : 20,
        "cluster_name" : "c1",
        "completed_task_count" : 21,
        "create_time" : 1420802322402,
        "end_time" : 1420802372784,
        "exclusive" : false,
        "failed_task_count" : 1,
        "id" : 23,
        "inputs" : null,
        "operation_level" : null,
        "progress_percent" : 100.0,
        "queued_task_count" : 0,
        "request_context" : "Upgrading to 2.2.0-2041",
        "request_schedule" : null,
        "request_status" : "FAILED",
        "resource_filters" : [ ],
        "start_time" : 1420802322463,
        "task_count" : 21,
        "timed_out_task_count" : 0,
        "type" : "INTERNAL_REQUEST"
      }
    },
    {
      "href" : "http://162.216.151.112:8080/api/v1/clusters/c1/requests/24",
      "Requests" : {
        "aborted_task_count" : 0,
        "cluster_name" : "c1",
        "completed_task_count" : 3,
        "create_time" : 1420802446657,
        "end_time" : 1420802467535,
        "exclusive" : false,
        "failed_task_count" : 0,
        "id" : 13,
        "inputs" : null,
        "operation_level" : null,
        "progress_percent" : 100.0,
        "queued_task_count" : 0,
        "request_context" : "Distribute repositories/install packages",
        "request_schedule" : null,
        "request_status" : "COMPLETED",
        "resource_filters" : [ ],
        "start_time" : 1420802446679,
        "task_count" : 3,
        "timed_out_task_count" : 0,
        "type" : "INTERNAL_REQUEST"
      }
    },
    {
      "href" : "http://162.216.151.112:8080/api/v1/clusters/c1/requests/25",
      "Requests" : {
        "aborted_task_count" : 20,
        "cluster_name" : "c1",
        "completed_task_count" : 21,
        "create_time" : 1420802506244,
        "end_time" : 1420802526532,
        "exclusive" : false,
        "failed_task_count" : 1,
        "id" : 25,
        "inputs" : null,
        "operation_level" : null,
        "progress_percent" : 100.0,
        "queued_task_count" : 0,
        "request_context" : "Upgrading to 2.2.0-2041",
        "request_schedule" : null,
        "request_status" : "FAILED",
        "resource_filters" : [ ],
        "start_time" : 1420802506371,
        "task_count" : 21,
        "timed_out_task_count" : 0,
        "type" : "INTERNAL_REQUEST"
      }
    },
    {
      "href" : "http://162.216.151.112:8080/api/v1/clusters/c1/requests/26",
      "Requests" : {
        "aborted_task_count" : 0,
        "cluster_name" : "c1",
        "completed_task_count" : 9,
        "create_time" : 1420802576635,
        "end_time" : -1,
        "exclusive" : false,
        "failed_task_count" : 2,
        "id" : 26,
        "inputs" : null,
        "operation_level" : null,
        "progress_percent" : 42.857142857142854,
        "queued_task_count" : 0,
        "request_context" : "Upgrading to 2.2.1.0-2191",
        "request_schedule" : null,
        "request_status" : "FAILED",
        "resource_filters" : [ ],
        "start_time" : 1420802576700,
        "task_count" : 21,
        "timed_out_task_count" : 0,
        "type" : "INTERNAL_REQUEST"
      }
    }
  ]
}