{
  "href" : "http://dev.hortonworks.com:8080/api/v1/clusters/vmc/configurations?(type=hdfs-site&tag=version4)|(type=core-site&tag=version4)|(type=global&tag=version4)",
  "items" : [
    {
      "href" : "http://dev.hortonworks.com:8080/api/v1/clusters/vmc/configurations?type=core-site&tag=version4",
      "tag" : "version4",
      "type" : "core-site",
      "Config" : {
        "cluster_name" : "mycluster"
      },
      "properties" : {
        "io.serializations" : "org.apache.hadoop.io.serializer.WritableSerialization",
        "hadoop.proxyuser.hive.hosts" : "dev.hortonworks.com",
        "fs.checkpoint.size" : "0.5",
        "io.file.buffer.size" : "131072",
        "hadoop.proxyuser.hcat.hosts" : "dev.hortonworks.com",
        "fs.checkpoint.period" : "21612",
        "io.compression.codec.lzo.class" : "com.hadoop.compression.lzo.LzoCodec",
        "ipc.client.connection.maxidletime" : "30000",
        "hadoop.proxyuser.hive.groups" : "users",
        "webinterface.private.actions" : "false",
        "hadoop.proxyuser.oozie.groups" : "users",
        "fs.checkpoint.edits.dir" : "/hadoop/hdfs/namesecondary",
        "fs.trash.interval" : "360",
        "fs.default.name" : "hdfs://dev.hortonworks.com:8020",
        "hadoop.proxyuser.hcat.groups" : "users",
        "ipc.client.idlethreshold" : "8000",
        "fs.checkpoint.dir" : "/hadoop/hdfs/namesecondary",
        "ipc.client.connect.max.retries" : "50",
        "hadoop.proxyuser.oozie.hosts" : "dev.hortonworks.com"
      }
    },
    {
      "href" : "http://dev.hortonworks.com:8080/api/v1/clusters/vmc/configurations?type=hdfs-site&tag=version1",
      "tag" : "version4",
      "type" : "hdfs-site",
      "Config" : {
        "cluster_name" : "vmc"
      },
      "properties" : {
        "dfs.https.address" : "dev.hortonworks.com:50470",
        "dfs.http.address" : "dev.hortonworks.com:50070",
        "dfs.datanode.max.xcievers" : "4096",
        "dfs.safemode.threshold.pct" : "1.0f",
        "dfs.datanode.http.address" : "0.0.0.0:50075",
        "dfs.datanode.address" : "0.0.0.0:50010",
        "dfs.datanode.failed.volumes.tolerated" : "0",
        "dfs.namenode.keytab.file" : "/etc/security/keytabs/nn.service.keytab",
        "ipc.server.read.threadpool.size" : "5",
        "dfs.datanode.data.dir.perm" : "750",
        "dfs.datanode.du.pct" : "0.85f",
        "ipc.server.max.response.size" : "5242880",
        "dfs.datanode.du.reserved" : "1.05",
        "dfs.datanode.socket.write.timeout" : "0",
        "dfs.namenode.handler.count" : "40",
        "dfs.web.ugi" : "gopher,gopher",
        "dfs.datanode.keytab.file" : "/etc/security/keytabs/dn.service.keytab",
        "dfs.name.dir" : "/hadoop/hdfs/namenode",
        "dfs.heartbeat.interval" : "3",
        "dfs.balance.bandwidthPerSec" : "6250000",
        "dfs.permissions.supergroup" : "hdfs",
        "dfs.cluster.administrators" : " hdfs",
        "dfs.secondary.namenode.keytab.file" : "/etc/security/keytabs/nn.service.keytab",
        "dfs.hosts.exclude" : "/etc/hadoop/dfs.exclude",
        "dfs.permissions" : "true",
        "dfs.namenode.kerberos.https.principal" : "host/_HOST@EXAMPLE.COM",
        "dfs.datanode.kerberos.principal" : "dn/_HOST@EXAMPLE.COM",
        "dfs.web.authentication.kerberos.keytab" : "/etc/security/keytabs/spnego.service.keytab",
        "dfs.webhdfs.enabled" : "true",
        "dfs.secondary.namenode.kerberos.https.principal" : "host/_HOST@EXAMPLE.COM",
        "dfs.secondary.https.port" : "50490",
        "dfs.block.size" : "134217728",
        "dfs.datanode.ipc.address" : "0.0.0.0:8010",
        "dfs.data.dir" : "/hadoop/hdfs/data1,/hadoop/hdfs/data2",
        "dfs.access.time.precision" : "0",
        "dfs.blockreport.initialDelay" : "120",
        "dfs.https.port" : "50470",
        "dfs.block.access.token.enable" : "true",
        "dfs.umaskmode" : "077",
        "dfs.replication" : "3",
        "dfs.secondary.http.address" : "dev.hortonworks.com:50090",
        "dfs.secondary.namenode.kerberos.principal" : "nn/_HOST@EXAMPLE.COM",
        "dfs.replication.max" : "50",
        "dfs.hosts" : "/etc/hadoop/dfs.include",
        "dfs.block.local-path-access.user" : "hbase",
        "dfs.namenode.kerberos.principal" : "nn/_HOST@EXAMPLE.COM"
      }
    },
    {
      "href" : "http://dev.hortonworks.com:8080/api/v1/clusters/vmc/configurations?type=global&tag=version1",
      "tag" : "version4",
      "type" : "global",
      "Config" : {
        "cluster_name" : "vmc"
      },
      "properties" : {
        "hdfs_enable_shortcircuit_skipchecksum" : "false",
        "hadoop_heapsize" : "1024",
        "hive_lib" : "/usr/lib/hive/lib/",
        "hive_mysql_hostname" : "dev.hortonworks.com",
        "hive_log_dir" : "/var/log/hive",
        "dfs_datanode_http_address" : "50075",
        "io_sort_mb" : "200",
        "zk_user" : "zookeeper",
        "dfs_data_dir" : "/hadoop/hdfs/data11,/hadoop/hdfs/data22",
        "clientPort" : "2181",
        "hdfs_user" : "hdfs",
        "hive_dbroot" : "/usr/lib/hive/lib",
        "dfs_name_dir" : "/hadoop/hdfs/namenode",
        "hfile_blockcache_size" : "0.25",
        "kadmin_pw" : "",
        "gmond_user" : "nobody",
        "hregion_majorcompaction" : "86400000",
        "user_group" : "hadoop",
        "dfs_datanode_failed_volume_tolerated" : "0",
        "zk_pid_file" : "/var/run/zookeeper/zookeeper_server.pid",
        "zookeeper_sessiontimeout" : "60000",
        "hcat_user" : "hcat",
        "zk_log_dir" : "/var/log/zookeeper",
        "hbase_conf_dir" : "/etc/hbase",
        "mapred_local_dir" : "/hadoop/mapred",
        "oozie_data_dir" : "/hadoop/oozie/data",
        "dfs_replication" : "3",
        "fs_checkpoint_period" : "21600",
        "hbase_hdfs_root_dir" : "/apps/hbase/data",
        "run_dir" : "/var/run/hadoop",
        "oozie_log_dir" : "/var/log/oozie",
        "hive_user" : "hive",
        "hbase_pid_dir" : "/var/run/hbase",
        "security_enabled" : "false",
        "mapred_job_red_mem_mb" : "-1",
        "mapred_map_tasks_max" : "4",
        "dfs_datanode_address" : "50010",
        "mapred_hosts_exclude" : "mapred.exclude",
        "dfs_block_local_path_access_user" : "hbase",
        "dfs_datanode_data_dir_perm" : "750",
        "dtnode_heapsize" : "1024m",
        "tickTime" : "2000",
        "mapred_cluster_max_map_mem_mb" : "-1",
        "datanode_du_reserved" : "1",
        "regionserver_memstore_upperlimit" : "0.4",
        "hbase_tmp_dir" : "/var/log/hbase",
        "jtnode_opt_newsize" : "200m",
        "oozie_user" : "oozie",
        "mapred_jobstatus_dir" : "file:////mapred/jobstatus",
        "hive_metastore_port" : "9083",
        "namenode_heapsize" : "1024m",
        "mapred_cluster_red_mem_mb" : "-1",
        "hive_ambari_database" : "MySQL",
        "dataDir" : "/hadoop/zookeeper",
        "hive_pid_dir" : "/var/run/hive",
        "mysql_connector_url" : "${download_url}/mysql-connector-java-5.1.18.zip",
        "jtnode_opt_maxnewsize" : "200m",
        "hregion_blockmultiplier" : "2",
        "oozie_pid_dir" : "/var/run/oozie",
        "pig_user" : "pig",
        "task_controller" : "org.apache.hadoop.mapred.DefaultTaskController",
        "rca_enabled" : "true",
        "gmetad_user" : "nobody",
        "hive_metastore_user_passwd" : "h",
        "hcat_log_dir" : "/var/log/webhcat",
        "jtnode_heapsize" : "1024m",
        "syncLimit" : "5",
        "io_sort_spill_percent" : "0.9",
        "mapred_user" : "mapred",
        "fs_checkpoint_size" : "0.5",
        "initLimit" : "10",
        "mapred_system_dir" : "/mapred/system",
        "hive_database" : "New MySQL Database",
        "mapred_job_map_mem_mb" : "-1",
        "hive_conf_dir" : "/etc/hive/conf",
        "hdfs_log_dir_prefix" : "/var/log/hadoop",
        "keytab_path" : "/etc/security/keytabs",
        "lzo_enabled" : "false",
        "proxyuser_group" : "users",
        "hive_database_name" : "hive",
        "hcat_pid_dir" : "/var/run/webhcat",
        "client_scannercaching" : "100",
        "hdfs_enable_shortcircuit_read" : "true",
        "kerberos_domain" : "EXAMPLE.COM",
        "hdfs_support_append" : "true",
        "namenode_formatted_mark_dir" : "/var/run/hadoop/hdfs/namenode/formatted/",
        "dfs_exclude" : "dfs.exclude",
        "namenode_opt_maxnewsize" : "640m",
        "regionserver_memstore_lab" : "true",
        "namenode_opt_newsize" : "200m",
        "namenode_opt_permsize" : "128m",
        "namenode_opt_maxpermsize" : "256m",
        "mapreduce_userlog_retainhours" : "24",
        "hcat_conf_dir" : "",
        "mapred_child_java_opts_sz" : "768",
        "mapred_red_tasks_max" : "2",
        "regionserver_memstore_lowerlimit" : "0.35",
        "apache_artifacts_download_url" : "",
        "hive_metastore_user_name" : "hive",
        "mapred_hosts_include" : "mapred.include",
        "hstore_blockingstorefiles" : "7",
        "sqoop_user" : "sqoop",
        "hadoop_conf_dir" : "/etc/hadoop",
        "hbase_user" : "hbase",
        "snappy_enabled" : "true",
        "maxtasks_per_job" : "-1",
        "ganglia_runtime_dir" : "/var/run/ganglia/hdp",
        "fs_checkpoint_dir" : "/hadoop/hdfs/namesecondary",
        "zk_pid_dir" : "/var/run/zookeeper",
        "mapred_cluster_map_mem_mb" : "-1",
        "hfile_max_keyvalue_size" : "10485760",
        "hive_aux_jars_path" : "/usr/lib/hcatalog/share/hcatalog/hcatalog-core.jar",
        "hstore_compactionthreshold" : "3",
        "hregion_memstoreflushsize" : "134217728",
        "hadoop_pid_dir_prefix" : "/var/run/hadoop",
        "hbase_log_dir" : "/var/log/hbase",
        "mapred_cluster_max_red_mem_mb" : "-1",
        "webhcat_user" : "hcat",
        "regionserver_handlers" : "30",
        "hbase_regionserver_heapsize" : "1024m",
        "hbase_regionserver_xmn_max": "512",
        "hbase_regionserver_xmn_ratio": "0.2",
        "dfs_include" : "dfs.include",
        "dfs_webhdfs_enabled" : "false",
        "scheduler_name" : "org.apache.hadoop.mapred.CapacityTaskScheduler",
        "rrdcached_base_dir" : "/var/lib/ganglia/rrds",
        "hstorefile_maxsize" : "1073741824",
        "hbase_master_heapsize" : "1024m"
      }
    }
  ]
}