
{
  "href" : "http://c6401.ambari.apache.org:8080/api/v1/clusters/c1/services/HBASE/components/HBASE_REGIONSERVER?fields=metrics/hbase/regionserver/Server/Get_num_ops[1426795139,1426798739,15]",
  "ServiceComponentInfo" : {
    "cluster_name" : "c1",
    "component_name" : "HBASE_REGIONSERVER",
    "service_name" : "HBASE"
  },
  "metrics" : {
    "hbase" : {
      "regionserver" : {
        "Get_num_ops" : [
          [
            0.0,
            1426795151
          ],
          [
            0.0,
            1426795166
          ],
          [
            0.0,
            1426795181
          ],
          [
            0.0,
            1426795196
          ],
          [
            0.0,
            1426795211
          ],
          [
            0.0,
            1426795226
          ],
          [
            0.0,
            1426795241
          ],
          [
            0.0,
            1426795256
          ],
          [
            0.0,
            1426795271
          ],
          [
            0.0,
            1426795286
          ],
          [
            0.0,
            1426795301
          ],
          [
            0.0,
            1426795316
          ],
          [
            0.0,
            1426795361
          ],
          [
            0.0,
            1426795376
          ],
          [
            0.0,
            1426795391
          ],
          [
            0.0,
            1426795406
          ],
          [
            0.0,
            1426795421
          ],
          [
            0.0,
            1426795436
          ],
          [
            0.0,
            1426795451
          ],
          [
            0.0,
            1426795481
          ],
          [
            0.0,
            1426795496
          ],
          [
            0.0,
            1426795511
          ],
          [
            0.0,
            1426795526
          ],
          [
            0.0,
            1426795541
          ],
          [
            0.0,
            1426795556
          ],
          [
            0.0,
            1426795571
          ],
          [
            0.0,
            1426795586
          ],
          [
            0.0,
            1426795601
          ],
          [
            0.0,
            1426795616
          ],
          [
            0.0,
            1426795631
          ],
          [
            0.0,
            1426795646
          ],
          [
            0.0,
            1426795661
          ],
          [
            0.0,
            1426795676
          ],
          [
            0.0,
            1426795691
          ],
          [
            0.0,
            1426795706
          ],
          [
            0.0,
            1426795721
          ],
          [
            0.0,
            1426795736
          ],
          [
            0.0,
            1426795751
          ],
          [
            0.0,
            1426795766
          ],
          [
            0.0,
            1426795781
          ],
          [
            0.0,
            1426795796
          ],
          [
            0.0,
            1426795841
          ],
          [
            0.0,
            1426795856
          ],
          [
            0.0,
            1426795871
          ],
          [
            0.0,
            1426795886
          ],
          [
            0.0,
            1426795901
          ],
          [
            0.0,
            1426795916
          ],
          [
            0.0,
            1426795931
          ],
          [
            0.0,
            1426795946
          ],
          [
            0.0,
            1426795961
          ],
          [
            0.0,
            1426795976
          ],
          [
            0.0,
            1426795991
          ],
          [
            0.0,
            1426796006
          ],
          [
            0.0,
            1426796021
          ],
          [
            0.0,
            1426796036
          ],
          [
            0.0,
            1426796051
          ],
          [
            0.0,
            1426796066
          ],
          [
            0.0,
            1426796081
          ],
          [
            0.0,
            1426796096
          ],
          [
            0.0,
            1426796111
          ],
          [
            0.0,
            1426796126
          ],
          [
            0.0,
            1426796141
          ],
          [
            0.0,
            1426796156
          ],
          [
            0.0,
            1426796201
          ],
          [
            0.0,
            1426796216
          ],
          [
            0.0,
            1426796231
          ],
          [
            0.0,
            1426796246
          ],
          [
            0.0,
            1426796261
          ],
          [
            0.0,
            1426796276
          ],
          [
            0.0,
            1426796291
          ],
          [
            0.0,
            1426796321
          ],
          [
            0.0,
            1426796336
          ],
          [
            0.0,
            1426796351
          ],
          [
            0.0,
            1426796366
          ],
          [
            0.0,
            1426796381
          ],
          [
            0.0,
            1426796396
          ],
          [
            0.0,
            1426796411
          ],
          [
            0.0,
            1426796426
          ],
          [
            0.0,
            1426796441
          ],
          [
            0.0,
            1426796456
          ],
          [
            0.0,
            1426796471
          ],
          [
            0.0,
            1426796486
          ],
          [
            0.0,
            1426796501
          ],
          [
            0.0,
            1426796516
          ],
          [
            0.0,
            1426796531
          ],
          [
            0.0,
            1426796546
          ],
          [
            0.0,
            1426796561
          ],
          [
            0.0,
            1426796576
          ],
          [
            0.0,
            1426796591
          ],
          [
            0.0,
            1426796606
          ],
          [
            0.0,
            1426796621
          ],
          [
            0.0,
            1426796636
          ],
          [
            0.0,
            1426796681
          ],
          [
            0.0,
            1426796696
          ],
          [
            0.0,
            1426796711
          ],
          [
            0.0,
            1426796726
          ],
          [
            0.0,
            1426796741
          ],
          [
            0.0,
            1426796756
          ],
          [
            0.0,
            1426796771
          ],
          [
            0.0,
            1426796786
          ],
          [
            0.0,
            1426796801
          ],
          [
            0.0,
            1426796816
          ],
          [
            0.0,
            1426796831
          ],
          [
            0.0,
            1426796846
          ],
          [
            0.0,
            1426796861
          ],
          [
            0.0,
            1426796876
          ],
          [
            0.0,
            1426796891
          ],
          [
            0.0,
            1426796906
          ],
          [
            0.0,
            1426796921
          ],
          [
            0.0,
            1426796936
          ],
          [
            0.0,
            1426796951
          ],
          [
            0.0,
            1426796966
          ],
          [
            0.0,
            1426796981
          ],
          [
            0.0,
            1426796996
          ],
          [
            0.0,
            1426797041
          ],
          [
            0.0,
            1426797056
          ],
          [
            0.0,
            1426797071
          ],
          [
            0.0,
            1426797086
          ],
          [
            0.0,
            1426797101
          ],
          [
            0.0,
            1426797116
          ],
          [
            0.0,
            1426797131
          ],
          [
            0.0,
            1426797161
          ],
          [
            0.0,
            1426797176
          ],
          [
            0.0,
            1426797191
          ],
          [
            0.0,
            1426797206
          ],
          [
            0.0,
            1426797221
          ],
          [
            0.0,
            1426797236
          ],
          [
            0.0,
            1426797251
          ],
          [
            0.0,
            1426797266
          ],
          [
            0.0,
            1426797281
          ],
          [
            0.0,
            1426797296
          ],
          [
            0.0,
            1426797311
          ],
          [
            0.0,
            1426797326
          ],
          [
            0.0,
            1426797341
          ],
          [
            0.0,
            1426797356
          ],
          [
            0.0,
            1426797371
          ],
          [
            0.0,
            1426797386
          ],
          [
            0.0,
            1426797401
          ],
          [
            0.0,
            1426797416
          ],
          [
            0.0,
            1426797431
          ],
          [
            0.0,
            1426797446
          ],
          [
            0.0,
            1426797461
          ],
          [
            0.0,
            1426797476
          ],
          [
            0.0,
            1426797521
          ],
          [
            0.0,
            1426797536
          ],
          [
            0.0,
            1426797551
          ],
          [
            0.0,
            1426797566
          ],
          [
            0.0,
            1426797581
          ],
          [
            0.0,
            1426797596
          ],
          [
            0.0,
            1426797611
          ],
          [
            0.0,
            1426797626
          ],
          [
            0.0,
            1426797641
          ],
          [
            0.0,
            1426797656
          ],
          [
            0.0,
            1426797671
          ],
          [
            0.0,
            1426797686
          ],
          [
            0.0,
            1426797701
          ],
          [
            0.0,
            1426797716
          ],
          [
            0.0,
            1426797731
          ],
          [
            0.0,
            1426797746
          ],
          [
            0.0,
            1426797761
          ],
          [
            0.0,
            1426797776
          ],
          [
            0.0,
            1426797791
          ],
          [
            0.0,
            1426797806
          ],
          [
            0.0,
            1426797821
          ],
          [
            0.0,
            1426797836
          ],
          [
            0.0,
            1426797881
          ],
          [
            0.0,
            1426797896
          ],
          [
            0.0,
            1426797911
          ],
          [
            0.0,
            1426797926
          ],
          [
            0.0,
            1426797941
          ],
          [
            0.0,
            1426797956
          ],
          [
            0.0,
            1426797971
          ],
          [
            0.0,
            1426798001
          ],
          [
            0.0,
            1426798016
          ],
          [
            0.0,
            1426798031
          ],
          [
            0.0,
            1426798046
          ],
          [
            0.0,
            1426798061
          ],
          [
            0.0,
            1426798076
          ],
          [
            0.0,
            1426798091
          ],
          [
            0.0,
            1426798106
          ],
          [
            0.0,
            1426798121
          ],
          [
            0.0,
            1426798136
          ],
          [
            0.0,
            1426798151
          ],
          [
            0.0,
            1426798166
          ],
          [
            0.0,
            1426798181
          ],
          [
            0.0,
            1426798196
          ],
          [
            0.0,
            1426798211
          ],
          [
            0.0,
            1426798226
          ],
          [
            0.0,
            1426798241
          ],
          [
            0.0,
            1426798256
          ],
          [
            0.0,
            1426798271
          ],
          [
            0.0,
            1426798286
          ],
          [
            0.0,
            1426798301
          ],
          [
            0.0,
            1426798316
          ],
          [
            0.0,
            1426798361
          ],
          [
            0.0,
            1426798376
          ],
          [
            0.0,
            1426798391
          ],
          [
            0.0,
            1426798406
          ],
          [
            0.0,
            1426798421
          ],
          [
            0.0,
            1426798436
          ],
          [
            0.0,
            1426798451
          ],
          [
            0.0,
            1426798466
          ],
          [
            0.0,
            1426798481
          ],
          [
            0.0,
            1426798496
          ],
          [
            0.0,
            1426798511
          ],
          [
            0.0,
            1426798526
          ],
          [
            0.0,
            1426798541
          ],
          [
            0.0,
            1426798556
          ],
          [
            0.0,
            1426798571
          ],
          [
            0.0,
            1426798586
          ],
          [
            0.0,
            1426798601
          ],
          [
            0.0,
            1426798616
          ],
          [
            0.0,
            1426798631
          ],
          [
            0.0,
            1426798646
          ],
          [
            0.0,
            1426798661
          ],
          [
            0.0,
            1426798676
          ]
        ]
      }
    }
  }
}
