{
  "href" : "http://192.168.56.101:8080/api/v1/stacks/HDP/versions/2.1/operating_systems?fields=repositories/*&_=1409658025867",
  "items" : [
    {
      "href" : "http://192.168.56.101:8080/api/v1/stacks/HDP/versions/2.1/operating_systems/debian12",
      "OperatingSystems" : {
        "os_type" : "debian12",
        "stack_name" : "HDP",
        "stack_version" : "2.1"
      },
      "repositories" : [
        {
          "href" : "http://192.168.56.101:8080/api/v1/stacks/HDP/versions/2.1/operating_systems/debian12/repositories/HDP-2.1",
          "Repositories" : {
            "base_url" : "REPLACE_WITH_UBUNTU12_URL",
            "default_base_url" : "REPLACE_WITH_UBUNTU12_URL",
            "latest_base_url" : "http://private-repo-1.hortonworks.com/HDP/ubuntu12/2.1.5.0",
            "mirrors_list" : null,
            "os_type" : "debian12",
            "repo_id" : "HDP-2.1",
            "repo_name" : "HDP",
            "stack_name" : "HDP",
            "stack_version" : "2.1"
          }
        },
        {
          "href" : "http://192.168.56.101:8080/api/v1/stacks/HDP/versions/2.1/operating_systems/debian12/repositories/HDP-UTILS-1.1.0.19",
          "Repositories" : {
            "base_url" : "http://dev.hortonworks.com.s3.amazonaws.com/HDP-UTILS-1.1.0.19/repos/ubuntu12",
            "default_base_url" : "http://dev.hortonworks.com.s3.amazonaws.com/HDP-UTILS-1.1.0.19/repos/ubuntu12",
            "latest_base_url" : "http://dev.hortonworks.com.s3.amazonaws.com/HDP-UTILS-1.1.0.19/repos/ubuntu12",
            "mirrors_list" : null,
            "os_type" : "debian12",
            "repo_id" : "HDP-UTILS-1.1.0.19",
            "repo_name" : "HDP-UTILS",
            "stack_name" : "HDP",
            "stack_version" : "2.1"
          }
        }
      ]
    },
    {
      "href" : "http://192.168.56.101:8080/api/v1/stacks/HDP/versions/2.1/operating_systems/redhat5",
      "OperatingSystems" : {
        "os_type" : "redhat5",
        "stack_name" : "HDP",
        "stack_version" : "2.1"
      },
      "repositories" : [
        {
          "href" : "http://192.168.56.101:8080/api/v1/stacks/HDP/versions/2.1/operating_systems/redhat5/repositories/HDP-2.1",
          "Repositories" : {
            "base_url" : "REPLACE_WITH_CENTOS5_URL",
            "default_base_url" : "REPLACE_WITH_CENTOS5_URL",
            "latest_base_url" : "http://private-repo-1.hortonworks.com/HDP/centos5/2.x/updates/2.1.5.0",
            "mirrors_list" : null,
            "os_type" : "redhat5",
            "repo_id" : "HDP-2.1",
            "repo_name" : "HDP",
            "stack_name" : "HDP",
            "stack_version" : "2.1"
          }
        },
        {
          "href" : "http://192.168.56.101:8080/api/v1/stacks/HDP/versions/2.1/operating_systems/redhat5/repositories/HDP-UTILS-1.1.0.17",
          "Repositories" : {
            "base_url" : "http://public-repo-1.hortonworks.com/HDP-UTILS-1.1.0.17/repos/centos5",
            "default_base_url" : "http://public-repo-1.hortonworks.com/HDP-UTILS-1.1.0.17/repos/centos5",
            "latest_base_url" : "http://public-repo-1.hortonworks.com/HDP-UTILS-1.1.0.17/repos/centos5",
            "mirrors_list" : null,
            "os_type" : "redhat5",
            "repo_id" : "HDP-UTILS-1.1.0.17",
            "repo_name" : "HDP-UTILS",
            "stack_name" : "HDP",
            "stack_version" : "2.1"
          }
        }
      ]
    },
    {
      "href" : "http://192.168.56.101:8080/api/v1/stacks/HDP/versions/2.1/operating_systems/redhat6",
      "OperatingSystems" : {
        "os_type" : "redhat6",
        "stack_name" : "HDP",
        "stack_version" : "2.1"
      },
      "repositories" : [
        {
          "href" : "http://192.168.56.101:8080/api/v1/stacks/HDP/versions/2.1/operating_systems/redhat6/repositories/HDP-2.1",
          "Repositories" : {
            "base_url" : "REPLACE_WITH_CENTOS6_URL",
            "default_base_url" : "REPLACE_WITH_CENTOS6_URL",
            "latest_base_url" : "http://private-repo-1.hortonworks.com/HDP/centos6/2.x/updates/2.1.5.0",
            "mirrors_list" : null,
            "os_type" : "redhat6",
            "repo_id" : "HDP-2.1",
            "repo_name" : "HDP",
            "stack_name" : "HDP",
            "stack_version" : "2.1"
          }
        },
        {
          "href" : "http://192.168.56.101:8080/api/v1/stacks/HDP/versions/2.1/operating_systems/redhat6/repositories/HDP-UTILS-1.1.0.17",
          "Repositories" : {
            "base_url" : "http://public-repo-1.hortonworks.com/HDP-UTILS-1.1.0.17/repos/centos6",
            "default_base_url" : "http://public-repo-1.hortonworks.com/HDP-UTILS-1.1.0.17/repos/centos6",
            "latest_base_url" : "http://public-repo-1.hortonworks.com/HDP-UTILS-1.1.0.17/repos/centos6",
            "mirrors_list" : null,
            "os_type" : "redhat6",
            "repo_id" : "HDP-UTILS-1.1.0.17",
            "repo_name" : "HDP-UTILS",
            "stack_name" : "HDP",
            "stack_version" : "2.1"
          }
        }
      ]
    },
    {
      "href" : "http://192.168.56.101:8080/api/v1/stacks/HDP/versions/2.1/operating_systems/suse11",
      "OperatingSystems" : {
        "os_type" : "suse11",
        "stack_name" : "HDP",
        "stack_version" : "2.1"
      },
      "repositories" : [
        {
          "href" : "http://192.168.56.101:8080/api/v1/stacks/HDP/versions/2.1/operating_systems/suse11/repositories/HDP-2.1",
          "Repositories" : {
            "base_url" : "REPLACE_WITH_SUSE11_URL",
            "default_base_url" : "REPLACE_WITH_SUSE11_URL",
            "latest_base_url" : "http://private-repo-1.hortonworks.com/HDP/sles11sp1/2.x/updates/2.1.5.0",
            "mirrors_list" : null,
            "os_type" : "suse11",
            "repo_id" : "HDP-2.1",
            "repo_name" : "HDP",
            "stack_name" : "HDP",
            "stack_version" : "2.1"
          }
        },
        {
          "href" : "http://192.168.56.101:8080/api/v1/stacks/HDP/versions/2.1/operating_systems/suse11/repositories/HDP-UTILS-1.1.0.17",
          "Repositories" : {
            "base_url" : "http://public-repo-1.hortonworks.com/HDP-UTILS-1.1.0.17/repos/suse11",
            "default_base_url" : "http://public-repo-1.hortonworks.com/HDP-UTILS-1.1.0.17/repos/suse11",
            "latest_base_url" : "http://public-repo-1.hortonworks.com/HDP-UTILS-1.1.0.17/repos/suse11",
            "mirrors_list" : null,
            "os_type" : "suse11",
            "repo_id" : "HDP-UTILS-1.1.0.17",
            "repo_name" : "HDP-UTILS",
            "stack_name" : "HDP",
            "stack_version" : "2.1"
          }
        }
      ]
    }
  ]
}